AAP;Alexandra Palace;ALEXNDP
AAT;Achanalt;ACHANLT
ABA;Aberdare;ABDARE
ABC;Altnabreac;ALTNBRC
ABD;Aberdeen;ABRDEEN
ABE;Aber;ABER
ABH;Abererch;ABRE
ABW;Abbey Wood;ABWD
ABY;Ashburys;ASHBRYS
ACB;Acton Bridge;ACBG
ACC;Acton Central;ACTNCTL
ACG;Acocks Green;ACOCKSG
ACH;Achnashellach;ACHHSHL
ACK;Acklington;ACKLNGT
ACL;Acle;ACLE
ACN;Achnasheen;ACHNSHN
ACR;Accrington;ACRNGTN
ACT;Ascot;ASCOT
ACY;Abercynon;ABRCYNS
ADC;Adlington (Cheshire);ADLC
ADD;Adderley Park;ADERLYP
ADK;Ardwick;ARDWICK
ADL;Adlington (Lancashire);ADNL
ADM;Adisham;ADISHAM
ADN;Ardrossan Town;ARDRSTN
ADR;Airdrie;AIRDRIE
ADS;Ardrossan Harbour;ARDRSHB
ADV;Andover;ANDOVER
ADW;Addiewell;ADIEWEL
AFK;Ashford International;ASHFKY,ASHFKI
AFS;Ashford (Surrey);ASFDMSX
AFV;Ansdell & Fairhaven;ANSDELL
AGL;Abergele & Pensarn;ABGLELE
AGR;Angel Road;ANGELRD
AGS;Argyle Street;ARGYLST
AGT;Aldrington;ALDTON
AGV;Abergavenny;ABRGVNY
AHD;Ashtead;ASHD
AHN;Ashton-under-Lyne;ASHONUL
AHS;Ashurst;ASHURST
AHT;Aldershot;ALDRSHT
AHV;Ash Vale;ASHVALE
AIG;Aigburth;AIGBURT
AIN;Aintree;AINTREE
AIR;Airbles;AIRBLES
ALB;Albrighton;ALBRGHT
ALD;Alderley Edge;ALDEDGE
ALF;Alfreton;ALFRETN
ALK;Aslockton;ASLCKTN
ALM;Alnmouth;ALNMOTH
ALN;Althorne;ALTHORN
ALO;Alloa;ALLOA
ALP;Althorpe;ALTPE
ALR;Alresford (Essex);ALRESFD
ALT;Altrincham;ALTRNHM
ALV;Alvechurch;ALVCHRC
ALW;Allens West;ALLENSW
ALX;Alexandria;ALXANDR
AMB;Ambergate;AMBERGT
AMF;Ammanford;AMMANFD
AML;Acton Main Line;ACTONML
AMR;Amersham;AMERSHM
AMT;Aldermaston;ALDMSTN
AMY;Amberley;AMLY
ANC;Ancaster;ANCASTR
AND;Anderston;ANDRSTN
ANF;Ashurst New Forest;LYNDHRD
ANG;Angmering;ANGMRNG
ANL;Anniesland;ANSL
ANN;Annan;ANNAN
ANS;Ainsdale;AINSDAL
ANZ;Anerley;ANERLEY
AON;Alton;ALTON
APB;Appley Bridge;APLYBDG
APD;Appledore (Kent);APDR
APF;Appleford;APPLEFD
APG;Aspley Guise;ASPLEYG
APP;Appleby;APBY
APS;Apsley;APSLEY
ARB;Arbroath;ARBROTH
ARD;Ardgay;ARDGAY
ARG;Arisaig;ARISAIG
ARL;Arlesey;ARLSEY
ARM;Armadale;ARMDALE
ARN;Arnside;ARNSIDE
ARR;Arram;ARRAM
ART;Arrochar & Tarbet;ARCHRAT
ARU;Arundel;ARUNDEL
ASB;Ardrossan South Beach;ARDRSSB
ASC;Ashchurch for Tewkesbury;ASHCHRC
ASF;Ashfield;ASFIELD
ASG;Alsager;ALSAGER
ASH;Ash;ASHH
ASK;Askam;ASKAM
ASN;Addlestone;ADLESTN
ASP;Aspatria;ASPTRIA
ASS;Alness;ALNESS
AST;Aston;ASTON
ASY;Ashley;ASHLEY
ATB;Attenborough;ATNBRO
ATH;Atherstone;ATHRSTN
ATL;Attleborough;ATTLBON
ATN;Atherton;ATHERTN
ATT;Attadale;ATADALE
AUD;Audley End;AUDLEYE
AUG;Aughton Park;AGHTNPH
AUI;Ardlui;ARDLUI
AUK;Auchinleck;ACHILCK
AUR;Aberdour;ABDO
AUW;Ascott-under-Wychwood;ASCTUWD
AVF;Avoncliff;AVNCLFF
AVM;Aviemore;AVIEMRE
AVN;Avonmouth;AVONMTH
AVP;Aylesbury Vale Parkway;AYLSPWY
AVY;Aberdovey;ABDVY
AWK;Adwick;ADWICK
AWM;Ashwell & Morden;ASHWELC
AWT;Armathwaite;ARMTHWT
AXM;Axminster;AXMNSTR,AXMNSTS
AXP;Alexandra Parade;ALXPD
AYH;Aylesham;ALSHAM
AYL;Aylesford;AYLESFD
AYP;Albany Park;ALBNYPK
AYR;Ayr;AYRR
AYS;Aylesbury;AYLSBRY
AYW;Aberystwyth;ABRYSTH
BAA;Barnham;BRHM
BAB;Balcombe;BALCOMB
BAC;Bache;BACHE
BAD;Banstead;BANSTED
BAG;Bagshot;BAGSHOT
BAH;Bank Hall;BNKHALL
BAI;Blairhill;BLAIRHL
BAJ;Baglan;BGLAN
BAK;Battersea Park;BATRSPK
BAL;Balham;BALHAM
BAM;Bamford;BAMFORD
BAN;Banbury;BNBR
BAR;Bare Lane;BARELA
BAS;Bere Alston;BEREALS
BAT;Battle;BATTLE
BAU;Barton On Humber;BRTHMBR
BAV;Barrow Haven;BARWHVN
BAW;Blackwater;BCKWATR
BAY;Bayford;BAYFORD
BBG;Bishopbriggs;BSHB
BBK;Bilbrook;BILBROK
BBL;Bat and Ball;BATABAL
BBN;Blackburn;BLKB
BBS;Bordesley;BRDS
BBW;Berry Brow;BERRYB
BCB;Burscough Bridge;BRSCGHB
BCC;Beccles;BECCLES
BCE;Bracknell;BRACKNL
BCF;Beaconsfield;BCNSFLD
BCG;Birchgrove;BCHGRV
BCH;Birchington On Sea;BCNGNOS
BCJ;Burscough Junction;BRSCGHJ
BCK;Buckley;BCKY
BCN;Branchton;BRNCHTN
BCS;Bicester North;BCSTN
BCU;Brockenhurst;BKNHRST
BCV;Bruce Grove;BRUCGRV
BCY;Brockley;BROCKLY
BDA;Brundall;BRUNDAL
BDB;Broadbottom;BRBM
BDG;Bridgeton;BRIDGTN
BDH;Bedhampton;BDHMPTN
BDI;Bradford Interchange;BRADIN
BDK;Baldock;BALDOCK
BDL;Birkdale;BKDLE
BDM;Bedford;BEDFDM
BDN;Brading;BRDING
BDQ;Bradford Forster Square;BRADFS
BDT;Bridlington;BRDLNGT
BDW;Bedwyn;BEDYN
BDY;Bredbury;BREDBRY
BEA;Bridge Of Allan;BGOALAN
BEB;Bebington;BEBNGTN
BEC;Beckenham Hill;BCKNHMH
BEE;Beeston;BESTON
BEF;Benfleet;BENFLET
BEG;Beltring;BLTRNAB
BEH;Bedworth;BEDWRTH
BEL;Beauly;BEAULY
BEM;Bempton;BEMPTON
BEN;Bentham;BNTHAM
BER;Bearley;BEARLEY
BES;Bescar Lane;BESCRLA
BET;Bethnal Green;BTHNLGR
BEU;Beaulieu Road;BLIEURD
BEV;Beverley;BEVERLY
BEX;Bexhill;BEXHILL
BEY;Ben Rhydding;BNRHYDN
BFD;Brentford;BNTFORD
BFE;Bere Ferrers;BEREFRS
BFF;Blaenau Ffestiniog;BLAENAU
BFN;Byfleet & New Haw;BYFLANH
BFR;London Blackfriars;BLFR
BGA;Brundall Gardens;BRUNDLG
BGD;Bargoed;BARGOED
BGE;Broad Green;BROADGR
BGG;Brigg;BRGG
BGH;Brighouse;BRHOUSE
BGI;Bargeddie;BRGDDIE
BGL;Bugle;BUGLE
BGM;Bellingham;BELNGHM
BGN;Bridgend;BRGEND
BGS;Bogston;BOGSTON
BHC;Balloch;BALLOCH
BHD;Brithdir;BRITHDR
BHG;Bathgate;BTHGATE
BHI;Birmingham International;BHAMINT
BHK;Bush Hill Park;BHILLPK
BHM;Birmingham New Street;BHAMNWS
BHO;Blackhorse Road;BLCHSRD
BHR;Builth Road;BUILTHR
BHS;Brockholes;BKHLS
BIA;Bishop Auckland;BSAUKLD
BIC;Billericay;BILERCY
BID;Bidston;BDSTON
BIF;Barrow-In-Furness;BAROW
BIG;Billingshurst;BILSHST
BIK;Birkbeck;BIRKBCK
BIL;Billingham;BLNGHM
BIN;Bingham;BINGHAM
BIO;Baillieston;BALISTN
BIP;Bishopstone;BSSN
BIS;Bishops Stortford;BSHPSFD
BIT;Bicester Town;BCSTRTN
BIW;Biggleswade;BIGLSWD
BIY;Bingley;BNGY
BKA;Bookham;BOOKHAM
BKC;Birkenhead Central;BRKNHDC
BKD;Blakedown;BLAKEDN
BKG;Barking;BARKING,BARKGLT
BKH;Blackheath;BLKHTH
BKJ;Beckenham Junction;BCKNHMJ,BCKNMJC
BKL;Bickley;BICKLEY
BKM;Berkhamsted;BERKHMD
BKN;Birkenhead North;BRKNHDN
BKO;Brookwood;BRKWOOD
BKP;Birkenhead Park;BRKNHDP
BKQ;Birkenhead Hamilton Square;HAMTSQ
BKR;Blackridge;BLKRDGE
BKS;Bekesbourne;BEKSBRN
BKT;Blake Street;BLKST
BKW;Berkswell;BKSWELL
BLA;Blair Atholl;BLARATH
BLB;Battlesbridge;BTLSBDG
BLD;Baildon;BAILDON
BLE;Bramley (West Yorks);BRMLYSR
BLG;Bellgrove;BLGRVE
BLH;Bellshill;BLSHL
BLK;Blackrod;BLRD
BLL;Bardon Mill;BRDNML
BLM;Belmont;BELM
BLN;Blundellsands & Crosby;BLNDLAC
BLO;Blaydon;BLAYDON
BLP;Belper;BELPER
BLT;Blantyre;BLANTYR
BLV;Belle Vue;BLLVUE
BLW;Bulwell;BULWELL
BLX;Bloxwich;BLOXWCH
BLY;Bletchley;BLTCHLY
BMB;Bamber Bridge;BMBRBDG
BMC;Bromley Cross;BRMCRSS
BMD;Brimsdown;BRIMSDN
BME;Broome;BROOME
BMF;Broomfleet;BRFT
BMG;Barming;BARMING
BMH;Bournemouth;BOMO
BML;Bramhall;BMHL
BMN;Bromley North;BROMLYN
BMO;Birmingham Moor Street;BHAMMRS
BMP;Brampton (Cumbria);BRMPTNC
BMR;Bromborough Rake;BRMBRK
BMS;Bromley South;BROMLYS
BMT;Bedminster;BDMNSTR
BMV;Bromsgrove;BRMSGRV
BMY;Bramley (Hants);BMLY
BNA;Burnage;BAGE
BNC;Burnley Central;BURNLYC
BND;Brandon;BNDON
BNE;Bourne End;BORNEND
BNF;Briton Ferry;BRITFRY
BNG;Bangor (Gwynedd);BANGOR
BNH;Barnehurst;BRNHRST
BNI;Barnes Bridge;BNSBDGE
BNL;Barnhill;BNHL
BNM;Burnham (Bucks);BNHAM
BNP;Barnstaple;BRNSTPL
BNS;Barnes;BARNES
BNT;Brinnington;BRNGTN
BNV;Banavie;BANAVIE
BNW;Bootle New Strand;BOOTLNS
BNY;Barnsley;BNSLY
BOA;Bradford-on-Avon;BRDFDOA
BOC;Bootle (Cumbria);BOOTLE
BOD;Bodmin Parkway;BODMNPW
BOE;Botley;BOTLEY
BOG;Bognor Regis;BOGNORR
BOH;Bosham;BOSHAM
BOM;Bromborough;BRMB
BON;Bolton;BOLTON
BOP;Bowes Park;BOWESPK
BOR;Bodorgan;BODORGN
BOT;Bootle Oriel Road;BOOTLOR
BPB;Blackpool Pleasure Beach;BLCKPB
BPK;Brookmans Park;BRKMNPK
BPN;Blackpool North;BLCKPLN
BPS;Blackpool South;BLCKS
BPT;Bishopton;BISHPTN
BPW;Bristol Parkway;BRSTPWY
BRA;Brora;BRORA
BRC;Breich;BREICH
BRE;Brentwood;BRTWOOD
BRF;Brierfield;BRIERFL
BRG;Borough Green & Wrotham;BORWGAW
BRH;Borth;BORTH
BRI;Bristol Temple Meads;BRSTLTM
BRK;Berwick (East Sussex);BERWICK
BRL;Barrhill;BRRHL
BRM;Barmouth;BRMOUTH
BRN;Bearsden;BSDN
BRO;Bridge Of Orchy;BOORCHY
BRP;Brampton (Suffolk);BRAMPTN
BRR;Barrhead;BRHD
BRS;Berrylands;BRLANDS
BRT;Barlaston;BARLSTN
BRU;Bruton;BRUTON
BRV;Bournville;BOURNVL
BRW;Brunswick;BNWK
BRX;Brixton;BRIXTON
BRY;Barry;BARRY
BSB;Bleasby;BLEASBY
BSC;Bescot Stadium;BSCTSTA
BSD;Bearsted;BSTD
BSE;Bury St Edmunds;BSTEDMS
BSH;Bushey;BUSHEY,BUSHYDC
BSI;Balmossie;BALMOSS
BSJ;Bedford St Johns;BESJOHN
BSK;Basingstoke;BSNGSTK
BSL;Beasdale;BEASDAL
BSM;Branksome;BRANKSM
BSN;Boston;BOSTON
BSO;Basildon;BASILDN
BSP;Brondesbury Park;BRBYPK
BSR;Broadstairs;BRSR
BSS;Barassie;BARASIE
BSU;Brunstane;BRUSTAN
BSV;Buckshaw Parkway;CHORBUK
BSW;Birmingham Snow Hill;BHAMSNH
BSY;Brondesbury;BRBY
BTB;Barnetby;BNTBY
BTD;Bolton-on-Dearne;BLTNODR
BTE;Bitterne;BITERNE
BTF;Bottesford;BOTESFD
BTG;Barnt Green;BGRN
BTH;Bath Spa;BATHSPA
BTL;Batley;BATLEY
BTN;Brighton;BRGHTN
BTO;Betchworth;BTCHWTH
BTP;Braintree Freeport;BRAINFP
BTR;Braintree;BRAINTR
BTS;Burntisland;BISLND
BTT;Battersby;BTRSBY
BTY;Bentley (Hants);BNTEY
BUB;Burnley Barracks;BURNLYB
BUC;Buckenham;BUCKNHM
BUD;Burneside (Cumbria);BNSD
BUE;Bures;BURES
BUG;Burgess Hill;BURGESH
BUH;Brough;BROUGH
BUI;Burnside (Strathclyde);BRSDE
BUJ;Burton Joyce;BRTJYC
BUK;Bucknell;BKNELL
BUL;Butlers Lane;BTLRSLA
BUO;Bursledon;BURSLDN
BUS;Busby;BUSBY
BUT;Burton-on-Trent;BURTNOT
BUU;Burnham On Crouch;BRNMONC
BUW;Burley In Wharfedale;BURLYIW
BUX;Buxton;BUXTON
BUY;Burley Park;BRLEYPK
BVD;Belvedere;BELVEDR
BWB;Bow Brickhill;BOWBRKH
BWD;Birchwood;BIRCHWD
BWG;Bowling;BOWLING
BWK;Berwick-Upon-Tweed;BRWCKUT
BWN;Bloxwich North;BLOXN
BWO;Bricket Wood;BCWD
BWS;Barrow Upon Soar;BAROWOS
BWT;Bridgwater;BRDGWTR
BXB;Broxbourne;BROXBRN
BXD;Buxted;BXTD
BXH;Bexleyheath;BXLYHTH
BXW;Boxhill & Westhumble;BOXHAWH
BXY;Bexley;BEXLEY
BYA;Berney Arms;BRNYARM
BYB;Blythe Bridge;BLYBDGE
BYC;Betws-y-Coed;BETSYCD
BYD;Barry Docks;BARRYDK
BYE;Bynea;BYNEA
BYF;Broughty Ferry;BRFRY
BYI;Barry Island;BARRYIS
BYK;Bentley (Yorks);BTLYSY
BYL;Barry Links;BRRYLNK
BYM;Burnley Manchester Road;BURNMR
BYN;Bryn;BRYN
BYS;Braystones;BRYSTNS
CAC;Caldercruix;CLDRCRX
CAD;Cadoxton;CADOXTN
CAG;Carrbridge;CARRBDG
CAK;Cark & Cartmel;CARK
CAM;Camberley;CMBLEY
CAN;Carnoustie;CNST
CAO;Cannock;CNCK
CAR;Carlisle;CARLILE
CAS;Castleton;CSTL
CAT;Caterham;CATERHM
CAU;Causeland;CAUSLND
CAY;Carntyne;CNTY
CBB;Carbis Bay;CARBISB
CBC;Coatbridge Central;COATBDC
CBE;Canterbury East;CNTBE
CBG;Cambridge;CAMBDGE
CBH;Cambridge Heath;CAMHTH
CBL;Cambuslang;CMBSLNG
CBN;Camborne;CBORNE
CBP;Castle Bar Park;CBARPAR
CBR;Cooksbridge;COKSBDG
CBS;Coatbridge Sunnyside;COATBDS
CBW;Canterbury West;CNTBW
CBY;Charlbury;CHBURY
CCC;Criccieth;CRICCTH
CCH;Chichester;CHCHSTR
CCT;Cathcart;CCRT
CDB;Cardiff Bay;CARDFBR
CDD;Cardenden;CDND
CDF;Cardiff Central;CRDFCEN
CDI;Crediton;CREDITN
CDN;Coulsdon Town;COLSTWN
CDO;Cardonald;CDNL
CDQ;Cardiff Queen Street;CARDFQS
CDR;Cardross;CDRS
CDS;Coulsdon South;COLSDNS
CDT;Caldicot;CDCOT
CDU;Cam & Dursley;DURSLEY
CDY;Cartsdyke;CRTSDYK
CEA;Cleland;CLELAND
CED;Cheddington;CHDNGTN
CEF;Chapel-en-Le-Frith;CHEF
CEH;Coleshill;COLESH
CEL;Chelford;CHELFD
CES;Cressing;CRESING
CET;Colchester Town;CLCHRTN
CEY;Cononley;CONONLY
CFB;Catford Bridge;CATFBDG
CFD;Castleford;CASTLFD
CFF;Croftfoot;CFFT
CFH;Chafford Hundred;CHADHDD
CFL;Crossflatts;CFLATTS
CFN;Clifton Down;CLFDOWN
CFO;Chalfont & Latimer;CHLFNAL
CFR;Chandlers Ford;CSFD
CFT;Crofton Park;CFPK
CGD;Craigendoran;CRGDRN
CGM;Cottingham;CTTGHM
CGN;Cogan;COGAN
CGW;Caergwrle;CAERGWL
CHC;Charing Cross (Glasgow);CHRNGXG
CHD;Chesterfield;CHFD
CHE;Cheam;CHEAM
CHF;Church Fenton;CHFN
CHG;Charing;CRNG
CHH;Christs Hospital;CHRSTSH
CHI;Chingford;CHINGFD
CHK;Chiswick;CHISWCK
CHL;Chilworth;CHLWTH
CHM;Chelmsford;CHLMSFD
CHN;Cheshunt;CHESHNT
CHO;Cholsey;CHOLSEY
CHP;Chipstead;CHSD
CHR;Christchurch;CHRISTC
CHT;Chathill;CHHL
CHU;Cheadle Hulme;CHDH
CHW;Chalkwell;CHLKWEL
CHX;London Charing Cross;CHRX
CHY;Chertsey;CHTSEY
CIL;Chilham;CLMN
CIM;Cilmeri;CILMERY
CIR;Caledonian Road & Barnsbury;CLDNNRB
CIT;Chislehurst;CHSLHRS
CKH;Corkerhill;CKHL
CKL;Corkickle;CRCK
CKN;Crewkerne;CRKRN
CKS;Clarkston;CLRKSTN
CKT;Crookston;CROKSTN
CKY;Crosskeys;CRSKEYS
CLA;Clandon;CLANDON
CLC;Castle Cary;CCARY
CLD;Chelsfield;CHLSFLD
CLE;Cleethorpes;CLTHRPS
CLG;Claygate;CLYGATE
CLH;Clitheroe;CLITHRO
CLI;Clifton;CLTN
CLJ;Clapham Junction;CLPHMJN,CLPHMJ1,CLPHMJ2,CLPHMJC,CLPHMJM,CLPHMJW
CLK;Clock House;CLOCKHS
CLL;Collington;CTNG
CLM;Collingham;CLHM
CLN;Chapeltown;CHPLTWN
CLP;Clapham High Street;CLPHHS
CLR;Clarbeston Road;CLARBRD
CLS;Chester-Le-Street;CLST
CLT;Clacton-on-Sea;CLACTON
CLU;Carluke;CRLK
CLV;Claverdon;CLAVRDN
CLW;Chorleywood;CHRW
CLY;Chinley;CHNLY
CMD;Camden Road;CMDNRD
CME;Combe (Oxon);COMBE
CMF;Cromford;CROMFD
CMH;Cwmbach;CMBH
CML;Carmyle;CARMYLE
CMN;Carmarthen;CMTHN
CMO;Camelon;CAMELON
CMR;Cromer;CMER
CMY;Crossmyloof;CRSMYLF
CNE;Colne;COLNE
CNF;Carnforth;CRNF
CNG;Congleton;CONGLTN
CNL;Canley;CANLEY
CNM;Cheltenham Spa;CHLTNHM
CNN;Canonbury;CNNB
CNO;Chetnole;CHETNOL
CNP;Birkenhead Conway Park;BRKNCPK
CNR;Crianlarich;CRNLRCH
CNS;Conisbrough;CONBRGH
CNW;Conwy;CONWY
CNY;Cantley;CNTLEY
COA;Coatdyke;COATDYK
COB;Cooden Beach;CODNBCH
COE;Coombe (Cornwall);COOMBE
COH;Crowborough;CBGH
COI;Crosshill;CROSSHL
COL;Colchester;CLCHSTR
COM;Commondale;COMONDL
CON;Connel Ferry;CONNELF
COO;Cookham;COOKHAM
COP;Copplestone;COPLSTN
COR;Corby;CORBY
COS;Cosford;COSFORD
COT;Cottingley;COTNGLY
COV;Coventry;COVNTRY
COW;Cowdenbeath;CWDNBTH
COY;Coryton;CORYTON
CPA;Corpach;CORPACH
CPH;Caerphilly;CRPHLY
CPK;Carpenders Park;CRPNDPK
CPM;Chippenham;CHIPNHM
CPN;Chapelton;CHAPLTN
CPT;Clapton;CLAPTON
CPU;Capenhurst;CPNHRST
CPW;Chepstow;CHEPSTW
CPY;Clapham (North Yorkshire);CLPM
CRA;Cradley Heath;CRADLYH
CRB;Corbridge;CRBG
CRD;Chester Road;CHSRD
CRE;Crewe;CREWE
CRF;Carfin;CARFIN
CRG;Cross Gates;CSGT
CRH;Crouch Hill;CROUCHH
CRI;Cricklewood;CRKLWD
CRK;Chirk;CHIRK
CRL;Chorley;CHORLEY
CRM;Cramlington;CRMLNGT
CRN;Crowthorne;CRWTHRN
CRO;Croy;CROY
CRR;Corrour;CORROUR
CRS;Carstairs;CRSTRS
CRT;Chartham;CHARTHM
CRV;Craven Arms;CRAVENA
CRW;Crawley;CRAWLEY
CRY;Crayford;CRFD
CSA;Cosham;COSHAM
CSB;Carshalton Beeches;CRSHLTB
CSD;Cobham & Stoke d'Abernon;CBHMSDA
CSG;Cressington;CRSNGTN
CSH;Carshalton;CRSHLTN
CSK;Calstock;CALSTCK
CSL;Codsall;CODSALL
CSM;Castleton Moor;CTNM
CSN;Chessington North;CHSSN
CSO;Croston;CROT
CSR;Chassen Road;CHASNRD
CSS;Chessington South;CHSSS
CST;London Cannon Street;CANONST
CSW;Chestfield & Swalecliffe;CHSW
CSY;Coseley;COSELEY
CTE;Chatelherault;CHTLRT
CTF;Catford;CATFORD
CTH;Chadwell Heath;CHDWLHT
CTK;City Thameslink;CTMSLNK
CTL;Cattal;CATTAL
CTM;Chatham;CHATHAM
CTN;Charlton;CRLN
CTO;Carlton;CRTN
CTR;Chester;CHST
CTT;Church Stretton;CSTR
CTW;Church & Oswaldtwistle;CHOS
CUA;Culrain;CULRAIN
CUB;Cumbernauld;CMBRNLD
CUD;Cuddington;CUDNGTN
CUF;Cuffley;CUFFLEY
CUH;Curriehill;CURRIEH
CUM;Culham;CULHAM
CUP;Cupar;CUPAR
CUW;Clunderwen;CLYNDRW
CUX;Cuxton;CXTN
CWB;Colwyn Bay;CBAY
CWC;Chappel & Wakes Colne;CHPWKSC
CWD;Creswell;CRWLL
CWE;Crowle;CROWLE
CWH;Crews Hill;CRHL
CWL;Colwall;CLWALL
CWM;Cwmbran;CWMBRAN
CWN;Cowden;COWDEN
CWS;Caersws;CARSWS
CWU;Crowhurst;CRWHRST
CYB;Cefn-y-Bedd;CEFNYBD
CYK;Clydebank;CLYBANK
CYN;Cynghordy;CYNGHRD
CYP;Crystal Palace;CRYSTLP
CYS;Cathays;CATHAYS
CYT;Cherry Tree;CHTR
DAG;Dalgety Bay;DALGETY
DAK;Dalmarnock;DLMRNOK
DAL;Dalmally;DLMALLY
DAM;Dalmeny;DLMY
DAN;Darnall;DARNALL
DAR;Darlington;DLTN
DAT;Datchet;DATCHET
DBC;Dumbarton Central;DMBRTNC
DBD;Denby Dale;DNDL
DBE;Dumbarton East;DMBRTNE
DBG;Dunbridge;MOTFONT
DBL;Dunblane;DUNANE
DBR;Derby Road;DERBYRD
DBY;Derby;DRBY
DCG;Duncraig Halt;DUNCRAG
DCH;Dorchester South;DRCHS
DCT;Danescourt;DANESCT
DCW;Dorchester West;DRCHW
DDG;Dorridge;DORIDGE
DDK;Dagenham Dock;DGNHMDC
DDP;Dudley Port;DUDLPT
DEA;Deal;DEAL
DEE;Dundee;DUNDETB
DEN;Dean (Wilts);DEAN
DEP;Deptford;DEPTFD
DEW;Dewsbury;DWBY
DFD;Dartford;DARTFD
DFE;Dunfermline Town;DNFRMLE
DFI;Duffield;DUFIELD
DFL;Dunfermline Queen Margaret;DNFRMQM
DFP;Dublin Ferryport;DUBLINF
DFR;Drumfrochar;DRMFCHR
DGC;Denham Golf Club;DENHMGC
DGL;Dingle Road;DGLROAD
DGT;Deansgate;MNCRDGT
DGY;Deganwy;DEGANWY
DHM;Durham;DRHM
DHN;Deighton;DEIGHTN
DID;Didcot Parkway;DIDCOTP
DIG;Digby & Sowton;DIGBY
DIN;Dingwall;DINGWAL
DIS;Diss;DISS
DKD;Dunkeld & Birnam;DUNKELD
DKG;Dorking;DORKING
DKT;Dorking West;DRKGW
DLG;Dolgarrog;DOLGARG
DLH;Doleham;DOLEHAM
DLJ;Dalston Junction;DALS
DLK;Dalston Kingsland;DALSKLD
DLM;Delamere;DELAMER
DLR;Dalreoch;DLREOCH
DLS;Dalston;DALSTON
DLT;Dalton;DALTON
DLW;Dalwhinnie;DALWHIN
DLY;Dalry;DALRY
DMC;Drumchapel;DRMCHPL
DMF;Dumfries;DUMFRES
DMG;Dinas Rhondda;DINASR
DMH;Dilton Marsh;DILTONM
DMK;Denmark Hill;DENMRKH
DMP;Dumpton Park;DUMPTNP
DMR;Dalmuir;DALMUIR
DMS;Dormans;DORMANS
DMY;Drumry;DRUMRY
DND;Dinsdale;DINSDAL
DNG;Dunton Green;DTNG
DNL;Dunlop;DNLP
DNM;Denham;DENHAM
DNO;Dunrobin Castle;DNROBIN
DNS;Dinas Powys;DINASP
DNT;Dent;DENT
DNY;Danby;DANBY
DOC;Dockyard;DOCKYDP
DOD;Dodworth;DODWRTH
DOL;Dolau;DOLAU
DON;Doncaster;DONC
DOR;Dore;DORE
DOT;Dunston;DNSN
DOW;Downham Market;DOWNHAM
DPD;Dorking Deepdene;DEPDENE
DPS;Dublin Port (Stena);DUBLFST
DPT;Devonport;DEVNPRT
DRF;Driffield;DRIFILD
DRG;Drayton Green;DRAYGRN
DRI;Drigg;DRIGG
DRM;Drem;DREMJ
DRN;Duirinish;DUIRNSH
DRO;Dronfield;DRONFLD
DRT;Darton;DRTN
DRU;Drumgelloch;DRMGLCH
DSL;Disley;DISLEY
DSM;Darsham;DARSHAM
DST;Duke Street;DUKEST
DSY;Daisy Hill;DAISYH
DTG;Dinting;DNTG
DTN;Denton;DNTON
DTW;Droitwich Spa;DRTWCHS
DUD;Duddeston;DUDESTN
DUL;Dullingham;DULNGHM
DUM;Dumbreck;DUMBRCK
DUN;Dunbar;DUNBAR
DUR;Durrington-on-Sea;DRNGTOS
DVC;Dovercourt;DOVRCRT
DVH;Dove Holes;DVHL
DVN;Davenport;DAVNPRT
DVP;Dover Priory;DOVERP
DVY;Dovey Junction;DOVYJN
DWD;Dolwyddelan;DLWYDLN
DWL;Dawlish;DAWLISH
DWN;Darwen;DARWEN
DWW;Dawlish Warren;DAWLSHW
DYC;Dyce;DYCE
DYF;Dyffryn Ardudwy;DYFRYNA
DYP;Drayton Park;DRYP
DZY;Danzey;DANZEY
EAD;Earlsfield;ERLFLD
EAG;Eaglescliffe;EGLSCLF
EAL;Ealing Broadway;EALINGB
EAR;Earley;ERLY
EBA;Euxton Balshaw Lane;EUXT
EBD;Ebbsfleet International;EBSFDOM,EBSFLTI
EBK;Eastbrook;EASTBRK
EBN;Eastbourne;EBOURNE
EBR;Edenbridge;EDNB
EBT;Edenbridge Town;EDNT
EBV;Ebbw Vale Parkway;EBWVPWY
ECC;Eccles;ECCLES
ECL;Eccleston Park;ECPK
ECR;East Croydon;ECROYDN
ECS;Eccles Road;ECLR
EDB;Edinburgh Waverley;EDINBUR
EDG;Edge Hill;EDGH
EDL;Edale;EDALE
EDN;Eden Park;EDPK
EDP;Edinburgh Park;EDINPRK
EDR;Edmonton Green;EDMNGRN
EDW;East Dulwich;EDULWCH
EDY;East Didsbury;EDIDBRY
EFF;Effingham Junction;EFNGHMJ
EFL;East Farleigh;EFARLGH
EGF;East Garforth;EGRFRTH
EGG;Eggesford;EGGESFD
EGH;Egham;EGHAM
EGN;Eastrington;ESTRNGT
EGR;East Grinstead;EGRNSTD
EGT;Egton;EGTON
EKL;East Kilbride;EKILBRD
ELD;Earlswood (Surrey);EARLSWD
ELE;Elmers End;ELMERSE
ELG;Elgin;ELGIN
ELO;Elton & Orston;ELTON
ELP;Ellesmere Port;ELSMPRT
ELR;Elsecar;ELSC
ELS;Elstree & Borehamwood;ELTR
ELW;Eltham;ELTHAM
ELY;Ely (Cambs);ELYY
EMD;East Midlands Parkway;EMPKWAY
EML;East Malling;EMALING
EMP;Emerson Park;EMRSPKH
EMS;Emsworth;EMSWTH
ENC;Enfield Chase;ENFC
ENF;Enfield Town;ENFLDTN
ENL;Enfield Lock;ENFLDLK
ENT;Entwistle;ENTWISL
EPD;Epsom Downs;EPSDNS
EPH;Elephant & Castle;ELPHNAC,EPHT
EPS;Epsom;EPSM
ERA;Eastham Rake;ESTHRAK
ERD;Erdington;ERDNGTN
ERH;Erith;ERITH
ERI;Eridge;ERIDGE
ERL;Earlestown;ERLSTWN
ESD;Elmstead Woods;ELMW
ESH;Esher;ESHER
ESL;Eastleigh;ELGH
ESM;Elsenham;ELSENHM
EST;Easterhouse;ESHS
ESW;Elmswell;ELMSWEL
ETC;Etchingham;ETCHNGM
ETL;East Tilbury;ETILBRY
EUS;London Euston;EUSTON
EVE;Evesham;EVESHAM
EWD;Earlswood (West Midlands);ELWD
EWE;Ewell East;EWELLE
EWR;East Worthing;EWRTHNG
EWW;Ewell West;EWELW
EXC;Exeter Central;EXETERC
EXD;Exeter St Davids;EXETRSD
EXG;Exhibition Centre;EXHIBTC
EXM;Exmouth;EXMOUTH
EXN;Exton;EXTON
EXR;Essex Road;ESSEXRD
EXT;Exeter St Thomas;EXETRST
EYN;Eynsford;EYNSFD
FAL;Falmouth Docks;FALMTHD
FAV;Faversham;FAVRSHM
FAZ;Fazakerley;FAZKRLY
FBY;Formby;FORMBY
FCN;Falconwood;FALCNWD
FEA;Featherstone;FTHRSTN
FEG;Fellgate (T&W Metro);FELL
FEL;Feltham;FELTHAM
FEN;Fenny Stratford;FSTR
FER;Fernhill;FERNHIL
FFA;Ffairfach;FFAIRFC
FFD;Freshford;FRESHFD
FGH;Fishguard Harbour;FGDHBR
FGT;Faygate;FAYGATE
FGW;Fishguard & Goodwick;FGDHGWK
FIL;Filey;FILEY
FIN;Finstock;FINSTCK
FIT;Filton Abbey Wood;FILTNEW
FKC;Folkestone Central;FLKSTNC
FKG;Falkirk Grahamston;FALKRKG
FKK;Falkirk High;FALKRKH
FKW;Folkestone West;FLKSTNW
FLD;Fauldhouse;FAULDHS
FLE;Fleet;FLEET
FLF;Flowery Field;FLWRYFD
FLI;Flixton;FLIXTON
FLM;Flimby;FLIMBY
FLN;Flint;FLINT
FLT;Flitwick;FLITWCK
FLW;Fulwell;FULWELL
FLX;Felixstowe;FLXSTOW
FML;Frimley;FRIMLEY
FMR;Falmer;FAMR
FMT;Falmouth Town;FALMTHT
FNB;Farnborough (Main);FRBRMN
FNC;Farncombe;FRNCMB
FNH;Farnham;FARNHAM
FNN;Farnborough North;FRBRNTH
FNR;Farningham Road;FRNNGRD
FNT;Feniton;FENITON
FNV;Furness Vale;FURNESV
FNW;Farnworth;FRNW
FNY;Finchley Road & Frognal;FNCHLYR
FOC;Falls of Cruachan;FLSCRHN
FOD;Ford;FORD
FOG;Forest Gate;FRSTGT
FOH;Forest Hill;FORESTH
FOK;Four Oaks;FOUROKS
FOR;Forres;FORRES
FOX;Foxfield;FOXFILD
FPK;Finsbury Park;FNPK
FRB;Fairbourne;FRBN
FRD;Frodsham;FRDSHM
FRE;Freshfield;FRSHFLD
FRF;Fairfield;FRFD
FRI;Frinton-on-Sea;FRINTON
FRL;Fairlie;FAIRLIE
FRM;Fareham;FAREHAM
FRN;Fearn;FEARN
FRO;Frome;FROME
FRS;Forsinard;FORSNRD
FRT;Frant;FRANT
FRW;Fairwater;FRWATER
FRY;Ferriby;FERRIBY
FSB;Fishbourne;FSHBORN
FSG;Fishersgate;FSHRSGT
FSK;Fiskerton;FISKRTN
FST;London Fenchurch Street;FENCHRS
FTM;Fort Matilda;FRTMTLD
FTN;Fratton;FRATTON
FTW;Fort William;FRTWLM
FWY;Five Ways;FIVEWYS
FXN;Foxton;FOXTON
FYS;Ferryside;FYSD
FZH;Frizinghall;FRZNGHL
FZP;Furze Platt;FURZEP
FZW;Fitzwilliam;FITZWLM
GAR;Garrowhill;GARROWH
GBD;Gilberdyke;GLBRDYK
GBK;Greenbank;GBNK
GBL;Gainsborough Lea Road;GBGHLRD
GBS;Goring-by-Sea;GORNGBS
GCH;Garelochhead;GRLCHHD
GCR;Gloucester;GLOSTER
GCT;Great Coates;GTCOATS
GCW;Glan Conwy;GLNCNWY
GDH;Gordon Hill;GORDONH
GDL;Godley;GODLY
GDN;Godstone;GODSTON
GDP;Gidea Park;GIDEAPK
GEA;Gretna Green;GRETGRN
GER;Gerrards Cross;GERRDSX
GFD;Greenford;GFORD
GFF;Gilfach Fargoed;GLFCHFR
GFN;Giffnock;GIFNOCK
GGJ;Georgemas Junction;GRGMASJ
GGV;Gargrave;GRGRAVE
GIG;Giggleswick;GGLSWCK
GIL;Gillingham (Dorset);GLHM
GIP;Gipsy Hill;GIPSYH
GIR;Girvan;GIRVAN
GKC;Greenock Central;GRENCKC
GKW;Greenock West;GRENCKW
GLC;Glasgow Central;GLGC,GLGCLL
GLD;Guildford;GUILDFD
GLE;Gleneagles;GLNEGLS
GLF;Glenfinnan;GLNFNNN
GLG;Glengarnock;GLGN
GLH;Glasshoughton;GLASHTN
GLM;Gillingham (Kent);GLNGHMK
GLO;Glossop;GLSP
GLQ;Glasgow Queen Street;GLGQHL,GLGQLL
GLS;Glaisdale;GLAISDL
GLT;Glenrothes With Thornton;GLNRTHS
GLY;Glynde;GLYNDE
GLZ;Glazebrook;GLAZBRK
GMB;Grimsby Town;GRMSBYT
GMD;Grimsby Docks;GRMSBYD
GMG;Garth (Glamorgan);GRTHMG
GMN;Great Missenden;GTMSNDN
GMT;Grosmont;GROSMNT
GMV;Great Malvern;GTMLVRN
GMY;Goodmayes;GODMAYS
GNB;Gainsborough Central;GBROC
GNF;Greenfield;GFLD
GNH;Greenhithe;GNHT
GNL;Green Lane;GNLN
GNR;Green Road;GREENRD
GNT;Gunton;GUNTON
GNW;Greenwich;GNWH
GOB;Gobowen;GOBOWEN
GOD;Godalming;GDLMING
GOE;Goldthorpe;GLDTHRP
GOF;Golf Street;GOLFSTR
GOL;Golspie;GOLSPIE
GOM;Gomshall;GOMSHAL
GOO;Goole;GOOLE
GOR;Goring & Streatley;GORASTR
GOS;Grange-over-Sands;GOVS
GOX;Goxhill;GOXHILL
GPK;Grange Park;GRPK
GPO;Gospel Oak;GOSPLOK
GRA;Grantham;GTHM
GRB;Great Bentley;GTBNTLY
GRC;Great Chesterford;GTCHSFD
GRF;Garforth;GARFRTH
GRH;Gartcosh;GRTCSH
GRK;Gourock;GOUROCK
GRL;Greenfaulds;GRNFLDS
GRN;Grindleford;GRNDLFD
GRP;Grove Park;GRVPK
GRS;Garscadden;GSCD
GRT;Grateley;GRATELY
GRV;Gravesend;GRVSEND
GRY;Grays;GRAYS
GSC;Gilshochill;LAMBH
GSD;Garsdale;GARSDLE
GSL;Gunnislake;GUNISLK
GSN;Garston (Hertfordshire);GRSTH
GST;Gathurst;GATHRST
GSW;Garswood;GARW
GSY;Guiseley;GUISELY
GTA;Great Ayton;GTAYTON
GTH;Garth (Powys);GARTH
GTN;Grangetown (South Glamorgan);GNTN
GTO;Gorton;GORTON
GTR;Goostrey;GOOSTRY
GTW;Gatwick Airport;GTWK
GTY;Gatley;GATLEY
GUI;Guide Bridge;GIDB
GUN;Gunnersbury;GNRSBRY
GVE;Garve;GARVE
GVH;Gravelly Hill;GRAVLYH
GWE;Gwersyllt;GWRSYLT
GWN;Gowerton;GOWERTN
GYM;Great Yarmouth;YARMTH
GYP;Gypsy Lane;GYPSYLA
HAB;Habrough;HABRO
HAC;Hackney Downs;HAKNYNM
HAD;Haddiscoe;HADISCO
HAF;Heathrow Airport - Terminal 4;HTRWTM4
HAG;Hagley;HAGLEY
HAI;Halling;HALG
HAL;Hale;HALE
HAM;Hamworthy;HMWTHY
HAN;Hanwell;HANWELL
HAP;Hatfield Peverel;HFLPEVL
HAS;Halesworth;HALSWTH
HAT;Hatfield (Herts);HATFILD
HAV;Havant;HAVANT
HAY;Hayes & Harlington;HAYESAH
HAZ;Hazel Grove;HAZL
HBB;Hubberts Bridge;HBRTBDG
HBD;Hebden Bridge;HBDNBDG
HBN;Hollingbourne;HBRN
HBP;Hornbeam Park;HRNBPK
HBY;Hartlebury;HBRY
HCB;Hackbridge;HKBG
HCH;Holmes Chapel;HCHP
HCN;Headcorn;HEADCRN
HCT;Huncoat;HUNCOAT
HDB;Haydon Bridge;HYDB
HDE;Hedge End;HEDGEND
HDF;Hadfield;HADFILD
HDG;Heald Green;HLDG
HDH;Hampstead Heath;HMPSTDH
HDL;Headstone Lane;HEDSTNL
HDM;Haddenham & Thame Parkway;HADMATP
HDN;Harlesden;HARLSDN
HDW;Hadley Wood;HADLYWD
HDY;Headingley;HEDNGLY
HEC;Heckington;HCKNGTN
HED;Halewood;HALW
HEI;Heighington;HGHNGTN
HEL;Hensall;HENSALL
HEN;Hendon;HDON
HER;Hersham;HERSHAM
HES;Hessle;HESSLE
HEV;Hever;HEVER
HEW;Heworth;HEWORTH
HEX;Hexham;HEXHAM
HFD;Hereford;HEREFRD
HFE;Hertford East;HERTFDE
HFN;Hertford North;HFDN
HFS;Hatfield & Stainforth;HTFLASF
HFX;Halifax;HLFX
HGD;Hungerford;HUNGRFD
HGF;Hag Fold;HAGFOLD
HGG;Haggerston;HAGGERS
HGM;Higham;HIGM
HGN;Hough Green;HOUGHGR
HGR;Hither Green;HTHRGRN
HGS;Hastings;HASTING
HGT;Harrogate;HAGT
HGY;Harringay;HRGY
HHB;Heysham Port;HEYMST
HHD;Holyhead;HLYH
HHE;Haywards Heath;HYWRDSH
HHL;Heath (High Level);HEATHHL
HHY;Highbury & Islington;HGHI,HIGHBYA,HIGHBYE
HIA;Hampton-in-Arden;HMPTNIA
HIB;High Brooms;HBROOMS
HID;Hall i' th' Wood;HITW
HIG;Highbridge & Burnham;HGHBRDG
HIL;Hillside;HILLSID
HIN;Hindley;HINDLEY
HIP;Highams Park;HGHMSPK
HIR;Horton-in-Ribblesdale;HTNRIBL
HIT;Hitchin;HITCHIN
HKC;Hackney Central;HACKNYC
HKH;Hawkhead (Paisley);HWKHEAD
HKM;Hykeham;HYKEHAM
HKN;Hucknall;HUCKNAL
HKW;Hackney Wick;HACKNYW
HLB;Hildenborough;HLDNBRO
HLC;Helensburgh Central;HLNSBRC
HLD;Hellifield;HELIFLD
HLE;Hillington East;HLNGTNE
HLF;Hillfoot;HLFT
HLG;Hall Green;HLGN
HLI;Healing;HEALING
HLL;Heath (Low Level);HEATHLL
HLM;Holmwood;HLMW
HLN;Harlington;HRLG
HLR;Hall Road;HALLRD
HLS;Hilsea;HILSEA
HLU;Helensburgh Upper;HLNSBRU
HLW;Hillington West;HLNGTNW
HLY;Holytown;HOLYTWN
HMC;Hampton Court;HCRT
HMD;Hampden Park;HMPDNPK
HME;Hamble;HMBLE
HML;Hemel Hempstead;HEMLHMP
HMM;Hammerton;HAMERTN
HMN;Homerton;HOMRTON
HMP;Hampton (London);HAMPTON
HMS;Helmsdale;HELMSDL
HMT;Ham Street;HMST
HMW;Hampton Wick;HAMWICK
HMY;Hairmyres;HARMYRS
HNA;Hinton Admiral;HINTONA
HNB;Herne Bay;HRNEBAY
HNC;Hamilton Central;HAMLTNC
HND;Hanborough;HANDBRO
HNF;Hednesford;HDNS
HNG;Hengoed;HENGOED
HNH;Herne Hill;HERNEH
HNK;Hinckley (Leics);HINCKLY
HNL;Henley-in-Arden;HENLYIA
HNT;Huntly;HNTL
HNW;Hamilton West;HAMLTNW
HNX;Hunts Cross;HUNTSX
HOC;Hockley;HOCKLEY
HOH;Harrow-on-the-Hill;HAROOTH
HOK;Hook;HOOK
HOL;Holton Heath;HOLTONH
HON;Honiton;HONITON
HOO;Hooton;HOOTON
HOP;Hope (Derbyshire);HOPD
HOR;Horley;HORLEY
HOT;Henley-on-Thames;HNLYOT
HOU;Hounslow;HOUNSLW
HOV;Hove;HOVE
HOW;Howden;HOWDEN
HOX;Hoxton;HOXTON
HOY;Honley;HONLEY
HOZ;Howwood;HOWOOD
HPA;Honor Oak Park;HONROPK
HPD;Harpenden;HRPNDN
HPE;Hope (Clywd);HOPC
HPL;Hartlepool;HRTLEPL
HPN;Hapton;HAPTON
HPQ;Harwich International;PRKSTON
HPT;Hopton Heath;HOPTONH
HRD;Harling Road;HRLNGRD
HRH;Horsham;HORSHAM
HRL;Harlech;HRLC
HRM;Harrietsham;HRSM
HRN;Hornsey;HRNSY
HRO;Harold Wood;HRLDWOD
HRR;Harrington;HNGT
HRS;Horsforth;HSFT
HRW;Harrow & Wealdstone;HROW,HROWDC
HRY;Harringay Green Lanes;HRGYGL
HSB;Helsby;HELSBY
HSC;Hoscar;HOSCAR
HSD;Hamstead;HAMSTED
HSG;Hathersage;HATHRSG
HSK;Hassocks;HASOCKS
HSL;Haslemere;HASLEMR
HST;High Street (Glasgow);GLGHST
HSW;Heswall;HESWALL
HSY;Horsley;HRSLEY
HTC;Heaton Chapel;HTCP
HTE;Hatch End;HTCHEND
HTF;Hartford;HARTFD
HTH;Handforth;HNDFRTH
HTN;Hatton;HATTON
HTO;Hightown;HITN
HTW;Hartwood;HRTW
HTY;Hattersley;HATRSLY
HUB;Hunmanby;HUNMNBY
HUD;Huddersfield;HDRSFLD
HUL;Hull;HULL
HUN;Huntingdon;HNTNGDN
HUP;Humphrey Park;HMPHRYP
HUR;Hurst Green;HRSTGRN
HUT;Hutton Cranswick;HTNCRNS
HUY;Huyton;HUYTON
HVF;Haverfordwest;HAVRFDW
HVN;Havenhouse;HAVENHS
HWB;Hawarden Bridge;HAWDNBG
HWC;Harwich Town;HARWICH
HWD;Hawarden;HAWARDN
HWH;Haltwhistle;HLTWHST
HWI;Horwich Parkway;HORWICH
HWM;Harlow Mill;HRLWMIL
HWN;Harlow Town;HRLWTWN
HWV;Heathrow Airport - Terminal 5;HTRWTM5
HWW;How Wood (Herts);HOWWOOD
HWY;High Wycombe;HWYCOMB
HXM;Wroxham (Hoveton & Wroxham);WROXHAM
HXX;Heathrow Airport - Central Terminal Area (T123);HTRWAPT
HYB;Honeybourne;HONYBRN
HYC;Hyde Central;HYDEC
HYD;Heyford;HEYFORD
HYH;Hythe (Essex);CLCHHYT
HYK;Hoylake;HOYLAKE
HYL;Hayle;HAYLE
HYM;Haymarket;HAYMRKT
HYN;Hyndland;HYNDLND
HYR;Haydons Road;HYDNSRD
HYS;Hayes (Kent);HAYS
HYT;Hyde North;HYDEN
HYW;Hinchley Wood;HNCHLYW
IBM;IBM;IBMM
IFD;Ilford;ILFORD
IFI;Ifield;IFIELD
IGD;Invergordon;IVRGRD
ILK;Ilkley;ILKLEY
IMW;Imperial Wharf;CSEAH
INC;Ince;INCE
INE;Ince & Elton;INEL
ING;Invergowrie;INVGWRE
INH;Invershin;INVRSHN
INK;Inverkeithing;IVRKTHG
INP;Inverkip;INVERKP
INR;Inverurie;INVURIE
INS;Insch;INSCH
INT;Ingatestone;INGTSTN
INV;Inverness;IVRNESS
IPS;Ipswich;IPSWICH
IRL;Irlam;IRLAM
IRV;Irvine;IRVN
ISL;Isleworth;ISLEWTH
ISP;Islip;ISLIP
IVR;Iver;IVER
IVY;Ivybridge;IVYBDGE
JEQ;Jewellery Quarter;BHAMJEW
JHN;Johnstone;JOHNSTN
JOH;Johnston (Dyfed);JHNSTND
JOR;Jordanhill;JORDANH
KBC;Kinbrace;KINBRAC
KBF;Kirkby-in-Furness;KRKBYIF
KBK;Kents Bank;KTBK
KBN;Kilburn High Road;KLBRNHR
KBW;Knebworth;KNEBWTH
KBX;Kirby Cross;KIRBYX
KCK;Knockholt;KNCKHLT
KDB;Kidbrooke;KIDBROK
KDG;Kidsgrove;KIDSGRV
KDY;Kirkcaldy;KCLD
KEH;Keith;KEITH
KEI;Keighley;KEIGHLY
KEL;Kelvedon;KELVEDN
KEM;Kemble;KEMBLE
KEN;Kendal;KENDAL
KET;Kettering;KETR
KEY;Keyham;KEYHAM
KGE;Kingsknowe;KNGW
KGH;Kinghorn;KGHN
KGL;Kings Langley;KLGL
KGM;Kingham;KINGHAM
KGN;Kings Nympton;KNYMPTN
KGP;Kings Park;KGPK
KGS;Kings Sutton;KINSSTN
KGT;Kilgetty;KILGETY
KGX;London Kings Cross;KNGX
KID;Kidderminster;KDRMNST
KIL;Kildonan;KILDONN
KIN;Kingussie;KGUSSIE
KIR;Kirkby;KKBY
KIT;Kintbury;KNTBRY
KIV;Kiveton Bridge;KVTNBDG
KKB;Kirkby in Ashfield;KRKYCEN
KKD;Kirkdale;KRKDALE
KKH;Kirkhill;KRKH
KKM;Kirkham & Wesham;KIRKHAM
KKN;Kirknewton;KRKNWTN
KKS;Kirk Sandall;KKSNDAL
KLD;Kildale;KLDL
KLM;Kilmaurs;KLMAURS
KLN;Kings Lynn;KLYNN
KLY;Kenley;KNLY
KMH;Kempston Hardwick;KMPSTNH
KMK;Kilmarnock;KILMRNK
KML;Kemsley;KMSLY
KMP;Kempton Park;KMPTNPK
KMS;Kemsing;KEMSING
KNA;Knaresborough;KNRSBGH
KND;Kingswood;KGWD
KNE;Kennett;KENNETT
KNF;Knutsford;KNUTSFD
KNG;Kingston;KGSTON
KNI;Knighton;KNIGHTN
KNL;Kensal Green;KENSLG
KNN;Kings Norton;KNORTON
KNO;Knottingley;KNTNGLY
KNR;Kensal Rise;KENR
KNS;Kennishead;KENISHD
KNT;Kenton;KTON
KNU;Knucklas;KNUCKLS
KPA;Kensington Olympia;KENOLYM
KPT;Kilpatrick;KLPTRCK
KRK;Kirkconnel;KRKC
KSL;Kearsley;KEARSLY
KSN;Kearsney;KSNY
KSW;Kirkby Stephen;KSTP
KTH;Kent House;KENTHOS
KTL;Kirton Lindsey;KRTNLND
KTN;Kentish Town;KNTSHTN
KTW;Kentish Town West;KNTSHTW
KVD;Kelvindale;DAWSHLM
KVP;Kiveton Park;KVTNPK
KWB;Kew Bridge;KEWBDGE
KWD;Kirkwood;KRKWOOD
KWG;Kew Gardens;KEWGRDN
KWL;Kidwelly;KIDWELY
KWN;Kilwinning;KILWNNG
KYL;Kyle of Lochalsh;KYLELSH
KYN;Keynsham;KEYNSHM
LAC;Lancing;LNCG
LAD;Ladywell;LDYW
LAG;Langwith Whaley Thorns;LGWITH
LAI;Laindon;LAINDON
LAK;Lakenheath;LAKNHTH
LAM;Lamphey;LAMPHEY
LAN;Lancaster;LANCSTR
LAP;Lapford;LAPFORD
LAR;Largs;LARGS
LAS;Llansamlet;LLNSMLT
LAU;Laurencekirk;LRNCKRK
LAW;Landywood;LNDYW
LAY;Layton (Lancs);LAYTON
LBG;London Bridge;LNDNBDG,LNDNBDC,LNDNBDE
LBK;Long Buckby;LNGBKBY
LBO;Loughborough;LOGHBRO
LBR;Llanbedr;LBDR
LBT;Larbert;LARBERT
LBZ;Leighton Buzzard;LTNBZRD
LCC;Lochluichart;LCHLCHR
LCG;Lochgelly;LCHGLLY
LCK;Lockwood;LKWD
LCL;Lochailort;LCHALRT
LCN;Lincoln Central;LINCLNC
LCS;Locheilside;LCHESDE
LDN;Llandanwg;LNDW
LDS;Leeds;LEEDS
LDY;Ladybank;LADYBNK
LEA;Leagrave;LEAGRVE
LED;Ledbury;LDBURY
LEE;Lee;LEEE
LEG;Lea Green;LEGR
LEH;Lea Hall;LEAHALL
LEI;Leicester;LESTER
LEL;Lelant;LELANT
LEM;Leyton Midland Road;LEYTNMR
LEN;Lenham;LENHAM
LEO;Leominster;LEOMNST
LER;Leytonstone High Road;LYTNSHR
LES;Leigh-On-Sea;LHONSEA
LET;Letchworth Garden City;LTCE
LEU;Leuchars;LEUCHRS
LEW;Lewisham;LEWISHM
LEY;Leyland;LEYLAND
LFD;Lingfield;LINGFLD
LGB;Langbank;LGBK
LGD;Lingwood;LGWOOD
LGE;Long Eaton;LNGEATN
LGF;Longfield;LGFD
LGG;Langley Green;LGRN
LGJ;Loughborough Junction;LBGHJN
LGK;Longbeck;LONGBCK
LGM;Langley Mill;LGML
LGN;Longton;LNTN
LGO;Llangynllo;LLGUNLO
LGS;Langside;LNSD
LGW;Langwathby;LWBY
LHA;Loch Awe;LOCHAWE
LHD;Leatherhead;LETHRHD
LHE;Loch Eil Outward Bound;LCEILOB
LHM;Lealholm;LEALHLM
LHO;Langho;LGHO
LHS;Limehouse;LIMHSE
LHW;Lochwinnoch;LCHWNCH
LIC;Lichfield City;LCHC
LID;Lidlington;LDLNGTN
LIH;Leigh (Kent);LEIGHK
LIN;Linlithgow;LNLTHGW
LIP;Liphook;LIPHOOK
LIS;Liss;LISS
LIT;Littlehampton;LTLHMPT
LIV;Liverpool Lime Street (High Level);LVRPLSH,LVRPLSL
LKE;Lake;LAKEIOW
LLA;Llanaber Halt;LNAB
LLC;Llandecwyn;LNDC
LLD;Llandudno;LUDO
LLE;Llanelli;LLNLLI
LLF;Llanfairfechan;LANFRFC
LLG;Llangadog;LLGADOG
LLH;Llangennech;LLGNNCH
LLI;Llandybie;LLDYBIE
LLJ;Llandudno Junction;LANDUDJ
LLL;Llandeilo;LLDEILO
LLM;Llangammarch;LLGMMRW
LLN;Llandaf;LLANDAF
LLO;Llandrindod;LLDODW
LLR;Llanharan;LLHARAN
LLS;Llanishen;LLISHEN
LLT;Llanbister Road;LLBSTRD
LLV;Llandovery;LLDVERY
LLW;Llwyngwril;LYNGRIL
LLY;Llwynypia;LLWYNYP
LMS;Leamington Spa;LMNGTNS
LNB;Llanbradach;LLBRDCH
LND;Longniddry;LNGNDRY
LNG;Longcross;LNGCROS
LNK;Lanark;LANARK
LNR;Llanwrda;LLWRDA
LNW;Llanwrtyd;LLWRTYW
LNY;Langley (Berks);LANGLEY
LNZ;Lenzie;LENZIE
LOB;Longbridge;LONB
LOC;Lockerbie;LCKRBIE
LOF;London Fields;LONFLDS
LOH;Lostock Hall;LSTH
LOO;Looe;LOOE
LOS;Lostwithiel;LSTWTHL
LOT;Lostock;LOSTCKP
LOW;Lowdham;LOWDHAM
LPG;Llanfairpwll;LFPW
LPR;Long Preston;LPRESTN
LPT;Longport;LNGP
LPW;Lapworth;LAPWRTH
LPY;Liverpool South Parkway;ALERTN,LVRPSPY
LRB;London Road (Brighton);BRGHLRD
LRD;London Road (Guildford);LRDGFD
LRG;Lairg;LAIRG
LRH;Larkhall;LARKHAL
LSK;Liskeard;LISKARD
LSN;Livingston North;LVNSTNN
LST;London Liverpool Street;LIVST
LSW;Leasowe;LEASOWE
LSY;Lower Sydenham;LSYDNHM
LTG;Lostock Gralam;LSTG
LTH;Llanhilleth;LLHLETH
LTK;Little Kimble;LTLKMBL
LTL;Littleborough;LITLBRO
LTM;Lytham;LYTHAM
LTN;Luton Airport Parkway;LUTOAPY
LTP;Littleport;LTLPORT
LTS;Lelant Saltings;LELANTS
LTT;Little Sutton;LTLSUTN
LTV;Lichfield Trent Valley;LCHTTVL,LCHTTVH
LUD;Ludlow;LUDLOW
LUT;Luton;LUTON
LUX;Luxulyan;LUXULYN
LVC;Liverpool Central;LVRPLCH,LVRPLCL
LVG;Livingston South;LVNSTNS
LVJ;Liverpool James Street;JAMESST
LVM;Levenshulme;LVHM
LVN;Littlehaven;LHVN
LVT;Lisvane & Thornhill;LTHH
LWH;Lawrence Hill;LAWRNCH
LWM;Llantwit Major;LLNWTMR
LWR;Llanrwst;LNRWST
LWS;Lewes;LEWES
LWT;Lowestoft;LOWSTFT
LYC;Lympstone Commando;LYMPSTC
LYD;Lydney;LYDNEY
LYE;Lye;LYEE
LYM;Lympstone Village;LYMPSTN
LYP;Lymington Pier;LMTNPIR
LYT;Lymington Town;LMTNTWN
LZB;Lazonby & Kirkoswald;LAZKRKO
MAC;Macclesfield;MACLSFD
MAG;Maghull;MAGHULL
MAI;Maidenhead;MDNHEAD
MAL;Malden Manor;MALDENM
MAN;Manchester Piccadilly;MNCRPIC
MAO;Martins Heron;MHERON
MAR;Margate;MARGATE
MAS;Manors;MANORS
MAT;Matlock;MATLOCK
MAU;Mauldeth Road;MLDTHRD
MAX;Maxwell Park;MAXWLPK
MAY;Maybole;MAYBOLE
MBK;Millbrook (Hants);MBRK
MBR;Middlesbrough;MDLSBRO
MCB;Moulsecoomb;MLSECMB
MCE;MetroCentre;GTSHDMC
MCH;March;MRCH
MCM;Morecambe;MORCAME
MCN;Machynlleth;MCHYNLT
MCO;Manchester Oxford Road;MNCROXR
MCV;Manchester Victoria;MNCRVIC
MDB;Maidstone Barracks;MSTONEB
MDE;Maidstone East;MSTONEE
MDG;Midgham;MIDGHAM
MDL;Middlewood;MDWD
MDN;Maiden Newton;MDNNWTN
MDS;Morden South;MORDENS
MDW;Maidstone West;MSTONEW
MEC;Meols Cop;MEOLSCP
MEL;Meldreth;MELDRTH
MEN;Menheniot;MENHENT
MEO;Meols;MELS
MEP;Meopham;MEOPHAM
MER;Merthyr Tydfil;MERTHYR
MES;Melton;MELTON
MEV;Merthyr Vale;MERTHRV
MEW;Maesteg (Ewenny Road);MAESTER
MEX;Mexborough;MEXBRGH
MEY;Merryton;MRRYTON
MFA;Morfa Mawddach;MFAM
MFF;Minffordd;MINFORD
MFH;Milford Haven;MLFDHVN
MFL;Mount Florida;MTFL
MFT;Mansfield Town;MFLDTWN
MGM;Metheringham;MTHRNGH
MGN;Marston Green;MRSTNGR
MHM;Merstham;MERSTHM
MHR;Market Harborough;MRKTHRB
MHS;Meadowhall;MEADWHL
MIA;Manchester Airport;MNCRIAP
MIC;Micheldever;MCHLDVR
MIH;Mills Hill;MLSHILL
MIJ;Mitcham Junction;MITCHMJ
MIK;Micklefield;MCKLFLD
MIL;Mill Hill Broadway;MLHB
MIM;Moreton-in-Marsh;MINMARS
MIN;Milliken Park;MILKNPK
MIR;Mirfield;MIRFILD
MIS;Mistley;MISTLEY
MKC;Milton Keynes Central;MKNSCEN
MKM;Melksham;MELKSHM
MKR;Market Rasen;MKTR
MKT;Marks Tey;MRKSTEY
MLB;Millbrook (Bedfordshire);MLBRKB
MLD;Mouldsworth;MLDSWTH
MLF;Milford (Surrey);MLFORD
MLG;Mallaig;MLAIG
MLH;Mill Hill (Lancashire);MLHL
MLM;Millom;MLLM
MLN;Milngavie;MLGV
MLT;Malton;MALTON
MLW;Marlow;MARLOW
MLY;Morley;MRLY
MMO;Melton Mowbray;MLTNSDG
MNC;Markinch;MKIN
MNE;Manea;MANEA
MNG;Manningtree;MANNGTR
MNN;Menston;MENSTON
MNP;Manor Park;MANRPK
MNR;Manor Road;MNRD
MOB;Mobberley;MOBERLY
MOG;Moorgate (Great Northern);MRGT
MON;Monifieth;MONIFTH
MOO;Muir of Ord;MUROORD
MOR;Mortimer;MTIMER
MOS;Moss Side;MSSD
MOT;Motspur Park;MOTSPRP
MPK;Mosspark;MSSPARK
MPL;Marple;MARPLE
MPT;Morpeth;MRPTHRP
MRB;Manorbier;MNORBER
MRD;Morchard Road;MOCHARD
MRF;Moorfields;MORFLDS,MORFNL
MRN;Marden;MARDEN
MRP;Moorthorpe;MORTHRP
MRR;Morar;MORAR
MRS;Monks Risborough;MNKRISB
MRT;Moreton (Merseyside);MOTO
MRY;Maryport;MPRT
MSD;Moorside;MRSD
MSH;Mossley Hill;MSLH
MSK;Marske;MRSK
MSL;Mossley (Greater Manchester);MOSSLEY
MSN;Marsden;MRSN
MSO;Moston;MSTN
MSR;Minster;MINSTER
MSS;Moses Gate;MSGT
MST;Maesteg;MAESTGW
MSW;Mansfield Woodhouse;MFLDWSE
MTA;Mountain Ash;MASH
MTB;Matlock Bath;MATLCKB
MTC;Mitcham Eastfields;ESTFLDS
MTG;Mottingham;MOTNGHM
MTH;Motherwell;MOTHRWL
MTL;Mortlake;MRTLKE
MTM;Martin Mill;MMIL
MTN;Moreton (Dorset);MORETON
MTO;Marton;MARTON
MTP;Montpelier;MONPELR
MTS;Montrose;MONTRSE
MTV;Mount Vernon;MNTVRNN
MUB;Musselburgh;MSELBGH
MUF;Manchester United Football Ground;MNCRUFG
MUI;Muirend;MUIREND
MVL;Malvern Link;MLVRNLK
MYB;London Marylebone;MARYLBN
MYH;Maryhill;MRYHILL
MYL;Maryland;MRYLAND
MYT;Mytholmroyd;MYTHLMR
MZH;Maze Hill;MAZEH
NAN;Nantwich;NANTWCH
NAR;Narberth;NRBERTH
NAY;Newton Aycliffe;NWTA
NBA;New Barnet;NBARNET
NBC;New Beckenham;NBCKNHM
NBE;Newbridge (Wales);NBRWGE
NBN;New Brighton;NBTN
NBR;Narborough;NARBRO
NBT;Norbiton;NRBITON
NBW;North Berwick;NBERWCK
NBY;Newbury;NEWBURY
NCE;New Clee;NEWCLEE
NCK;New Cumnock;NWCMNCK
NCL;Newcastle;NWCSTLE
NCM;North Camp;NTHCAMP
NCT;Newark Castle;NWRKCAS
NDL;North Dulwich;NDULWCH
NEH;New Eltham;NWELTHM
NEI;Neilston;NEILSTN
NEL;Nelson;NLSN
NEM;New Malden;NEWMLDN
NES;Neston;NESTON
NET;Netherfield;NTHRFLD
NEW;Newcraighall;NCRAGHA
NFA;North Fambridge;FAMBDGE
NFD;Northfield;NRTF
NFL;Northfleet;NRTHFLT
NFN;Nafferton;NAFERTN
NGT;Newington;NEWNGTN
NHD;Nunhead;NUNHEAD
NHE;New Hythe;NWHYTHE
NHL;New Holland;NHOL
NIT;Nitshill;NITSH
NLN;New Lane;NEWLANE
NLR;North Llanrwst;NLANRST
NLS;Nailsea & Backwell;NAILSEA
NLT;Northolt Park;NTHOLTP
NLW;Newton-le-Willows;NWTNLW
NMC;New Mills Central;NWMILSC
NMK;Newmarket;NWMKET
NMN;New Mills Newtown;NWMILSN
NMP;Northampton;NMPTN
NMT;Needham Market;NEEDHAM
NNG;Newark North Gate;NEWANG
NNP;Ninian Park;NINIANP
NNT;Nunthorpe;NUNTHRP
NOA;Newton-On-Ayr;NWTOA
NOR;Normanton;NORMNTN
NOT;Nottingham;NTNG
NPD;New Pudsey;NPUD
NQU;North Queensferry;NQNSFRY
NQY;Newquay;NEWQUAY
NRB;Norbury;NORBURY
NRC;Newbury Racecourse;NEWBRYR
NRD;North Road (Darlington);NTRD
NRN;Nairn;NAIRN
NRT;Nethertown;NETHRTN
NRW;Norwich;NRCH
NSB;Normans Bay;NRMNSBY
NSD;Newstead;NWSTEAD
NSG;New Southgate;NEWSGAT
NSH;North Sheen;NSHEEN
NTA;Newton Abbot;NABT
NTB;Norton Bridge;NTNB
NTC;Newton St Cyres;NSTCYRE
NTH;Neath;NEATH
NTL;Netley;NETLEY
NTN;Newton (Lanarks);NWTL
NTR;Northallerton;NLRTN
NUF;Nutfield;NUTFILD
NUM;Northumberland Park;NMBRLPK
NUN;Nuneaton;NNTN
NUT;Nutbourne;NUTBORN
NVH;Newhaven Harbour;NEWHVNH
NVN;Newhaven Town;NEWHVNT
NVR;Navigation Road;NAVGTNR
NWA;North Walsham;NWALSHM
NWB;North Wembley;NWEMBLY
NWD;Norwood Junction;NORWDJ
NWE;Newport (Essex);NEWPRTE
NWI;Northwich;NTHWICH
NWM;New Milton;NMILTON
NWN;Newton for Hyde;NWTH
NWP;Newport (South Wales);NWPTRTG
NWR;Newtonmore;NWTM
NWT;Newtown;NWTP
NWX;New Cross;NWCROSS,NWCRELL
NXG;New Cross Gate;NEWXGTE,NEWXGEL
OBN;Oban;OBAN
OCK;Ockendon;OCKENDN
OHL;Old Hill;OLHL
OKE;Okehampton;OKHMPTN
OKL;Oakleigh Park;OKLGHPK
OKM;Oakham;OAKHAM
OKN;Oakengates;OAKNGTS
OLD;Old Street;OLDST
OLF;Oldfield Park;OLDFLDP
OLT;Olton;OLTON
OLY;Ockley;OCKLYAC
OMS;Ormskirk;ORMSKRK
OPK;Orrell Park;ORELPKH
ORE;Ore;OREE
ORN;Old Roan;OLDROAN
ORP;Orpington;ORPNGTN
ORR;Orrell;ORRELL
OTF;Otford;OTFORD
OUN;Oulton Broad North;OULTNBN
OUS;Oulton Broad South;OULTNBS
OUT;Outwood;OUTWOOD
OVE;Overpool;OPOL
OVR;Overton;OVTN
OXF;Oxford;OXFD
OXN;Oxenholme Lake District;OXENHLM
OXS;Oxshott;OXSHOTT
OXT;Oxted;OXTED,OXTEDBY
PAD;London Paddington;PADTON
PAL;Palmers Green;PALMRSG
PAN;Pangbourne;PANGBRN
PAR;Par;PARR
PAT;Patricroft;PTRCRFT
PBL;Parbold;PARBOLD
PBO;Peterborough;PBRO
PBR;Potters Bar;POTRSBR
PBY;Pembrey & Burry Port;PMBRYBP
PCD;Pencoed;PENCOED
PCN;Paisley Canal;PSLYCAN
PDG;Padgate;PADGATE
PDW;Paddock Wood;PKWD
PEA;Peartree;PEARTRE
PEB;Pevensey Bay;PVNSYBY
PEG;Pegswood;PEGSWD
PEM;Pemberton;PBRT
PEN;Penarth;PENARTH
PER;Penrhiwceiber;PNRHCBR
PES;Pensarn;PSRN
PET;Petts Wood;PETSWD
PEV;Pevensey & Westham;PVNSYAW
PEW;Pewsey;PEWSEY
PFL;Purfleet;PURFLET
PFM;Pontefract Monkhill;PTFTMHL
PFR;Pontefract Baghill;PTFTBHL
PFY;Poulton le Fylde;PLTNLFY
PGM;Pengam;PENGAM
PGN;Paignton;PAIGNTN
PHG;Penhelig;PENHELG
PHR;Penshurst;PNSHRST
PIL;Pilning;PILNING
PIN;Pinhoe;PINHOE
PIT;Pitlochry;PTLCHRY
PKG;Penkridge;PNKRDG
PKS;Parkstone (Dorset);PSTONE
PKT;Park Street;PKST
PLC;Pluckley;PLUCKLY
PLD;Portslade;PSLDAWH
PLE;Pollokshields East;PLKLHDE
PLG;Polegate;POLGATE
PLK;Plockton;PLOCKTN
PLM;Plumley;PLUMLEY
PLN;Portlethen;PLTH
PLS;Pleasington;PLSNGTN
PLT;Pontlottyn;PNTLTYN
PLU;Plumstead;PLMS
PLW;Pollokshields West;PLKLHDW
PLY;Plymouth;PLYMTH
PMA;Portsmouth Arms;PRTSMTA
PMB;Pembroke;PEMBROK
PMD;Pembroke Dock;PEMBRKD
PMH;Portsmouth Harbour;PHBR
PMP;Plumpton;PLMPTON
PMR;Peckham Rye;PCKHMRY,PKHMRYC
PMS;Portsmouth & Southsea;PSEA
PMT;Polmont;POLMONT
PMW;Penmaenmawr;PNMNMWR
PNA;Penally;PNALLY
PNC;Penychn;PENYCHN
PNE;Penge East;PNGEE
PNF;Penyffordd;PNYF
PNL;Pannal;PANNAL
PNM;Penmere;PENMERE
PNR;Penrith;PNTH
PNS;Penistone;PENISTN
PNW;Penge West;PENEW
PNY;Pen-y-Bont;PYBONT
PNZ;Penzance;PENZNCE
POK;Pokesdown;POKSDWN
POL;Polsloe Bridge;POLSBDG
PON;Ponders End;PNDRSEN
POO;Poole;POOLE
POP;Poppleton;POPLTON
POR;Porth;PORH
POT;Pontefract Tanshelf;PTFTTSF
PPD;Pontypridd;PTYPRID
PPK;Possilpark & Parkhouse;POSILPK
PPL;Pontypool & New Inn;PONTYPL
PRA;Prestwick International Airport;PWCKAPT
PRB;Prestbury;PSBY
PRE;Preston (Lancs);PRST
PRH;Penrhyndeudraeth;PRHN
PRL;Prittlewell;PRITLWL
PRN;Parton;PARTON
PRP;Preston Park;PRSP
PRR;Princes Risborough;PRINRIS
PRS;Prees;PREES
PRT;Prestatyn;PSTA
PRU;Prudhoe;PRUDHOE
PRW;Perranwell;PERANWL
PRY;Perry Barr;PRYBR
PSC;Prescot;PRESCOT
PSE;Pitsea;PITSEA
PSH;Pershore;PERSHOR
PSL;Port Sunlight;PSLT
PSN;Parson Street;PARSNST
PST;Prestonpans;PPAN
PSW;Polesworth;PWTH
PTA;Port Talbot Parkway;PTALBOT
PTB;Pentre-Bach;PNTRBCH
PTC;Portchester;PCHESTR
PTD;Pontarddulais;PNTADLS
PTF;Pantyffynnon;PNTYFYN
PTG;Port Glasgow;PTGLSGW
PTH;Perth;PERTH
PTK;Partick;PTCK
PTL;Priesthill & Darnley;PHLD
PTM;Porthmadog;PRTHMDG
PTR;Petersfield;PTRSFLD
PTT;Patterton;PATERTN
PTW;Prestwick Town;PWCK
PUL;Pulborough;PULBRO
PUO;Purley Oaks;PURLEYO
PUR;Purley;PURLEY
PUT;Putney;PUTNEY
PWE;Pollokshaws East;PLKSHWE
PWL;Pwllheli;PWLHELI
PWW;Pollokshaws West;PLKSHWW
PWY;Patchway;PATCHWY
PYC;Pontyclun;PONYCLN
PYG;Paisley Gilmour Street;PSLYGST
PYJ;Paisley St James;PSLYSTJ
PYL;Pyle;PYLE
PYN;Penryn;PRYN
PYP;Pont y Pant;PNYPANT
PYT;Poynton;POYNTON
QBR;Queenborough;QUENBRO
QPK;Queens Park (Glasgow);QUNPARK
QPW;Queens Park (London);QPRK,QPRKAC
QRB;Queenstown Road (Battersea);QTRDBAT
QRP;Queens Road (Peckham);PCKHMQD
QUI;Quintrell Downs;QNTRLDW
QYD;Quakers Yard;QUAKRSY
RAD;Radley;RDLEY
RAI;Rainham (Kent);RAINHMK
RAM;Ramsgate;RAMSGTE
RAN;Rannoch;RANNOCH
RAU;Rauceby;RAUCEBY
RAV;Ravenglass;RGLS
RAY;Raynes Park;RAYNSPK
RBR;Robertsbridge;RBRTSBD
RBS;British Steel (Redcar);REDCBSC
RCA;Risca & Pontyminster;RISCA
RCC;Redcar Central;REDCARC
RCD;Rochdale;RCHDALE
RCE;Redcar East;REDCARE
RDA;Redland;REDLAND
RDB;Redbridge;REDBDGE
RDC;Redditch;RDIT
RDD;Riddlesdown;RDLSDWN
RDF;Radcliffe (Notts);RADNOT
RDG;Reading;RDNGSTN,RDNG4AB
RDH;Redhill;REDHILL
RDM;Riding Mill;RIDNGML
RDN;Reddish North;REDISHN
RDR;Radyr;RADYR
RDS;Reddish South;REDISHS
RDT;Radlett;RADLETT
RDW;Reading West;REDGWST
REC;Rectory Road;RCTRYRD
RED;Redruth;REDRUTH
REE;Reedham (Norfolk);RDHAMN
REI;Reigate;REIGATE
RET;Retford;RTFD,RTFDLL
RFD;Rochford;ROCHFD
RFY;Rock Ferry;ROCKFRY
RGL;Rugeley Trent Valley;RUGL
RGT;Rugeley Town;RUGLTWN
RGW;Ramsgreave & Wilpshire;RMSWILP
RHD;Ribblehead;RIBLHED
RHI;Rhiwbina;RHIWBNA
RHL;Rhyl;RHYL
RHM;Reedham (Surrey);REEDHMS
RHO;Rhosneigr;RHOSNGR
RHY;Rhymney;RHYMNEY
RIA;Rhoose;RHOOSE
RIC;Rickmansworth;RCKMNSW
RID;Ridgmont;RIDGMNT
RIL;Rice Lane;RICELA
RIS;Rishton;RISHTON
RKT;Ruskington;RSKNGTN
RLG;Rayleigh;RAYLEGH
RLN;Rowlands Castle;RWLNDSC
RMB;Roman Bridge;ROMANBG
RMC;Rotherham Central;ROTHCEN
RMD;Richmond;RICHMND,RICHNLL
RMF;Romford;ROMFORD
RML;Romiley;ROMILEY
RNF;Rainford;RNFD
RNH;Rainhill;RHIL
RNM;Rainham (Essex);RNHAME
RNR;Roughton Road;RGHTNRD
ROB;Roby;ROBY
ROC;Roche;RCHE
ROE;Rotherhithe;RTHERHI
ROG;Rogart;ROGART
ROL;Rolleston;ROLSTN
ROM;Romsey;ROMSEY
ROO;Roose;ROOSE
ROR;Rogerstone;ROGRSTN
ROS;Rosyth;ROSYTH
ROW;Rowley Regis;ROWLEYR
RRB;Ryder Brow;RYDRBRW
RSG;Rose Grove;ROSG
RSH;Rose Hill Marple;ROHL
RTN;Renton;RENTON
RTR;Rochester;RCHT
RUA;Ruabon;RUABON
RUE;Runcorn East;RUNCRNE
RUF;Rufford;RUFDORD
RUG;Rugby;RUGBY
RUN;Runcorn;RUNCORN
RUS;Ruswarp;RUSWARP
RUT;Rutherglen;RTHGLEN
RVB;Ravensbourne;RBRN
RVN;Ravensthorpe;RTHP
RWC;Rawcliffe;RAWCLIF
RYB;Roy Bridge;ROYBDGE
RYD;Ryde Esplanade;RYDE
RYE;Rye;RYEE
RYH;Rye House;RYEHOUS
RYN;Roydon;ROYDON
RYP;Ryde Pier Head;RYDP
RYR;Ryde St Johns Road;RYDS
RYS;Royston;ROYSTON
SAA;St Albans Abbey;STALBNA
SAB;Smallbrook Junction;SMALBRK
SAC;St Albans;STALBCY
SAD;Sandwell & Dudley;SNDWDUD
SAE;Saltaire;SAIR
SAF;Salfords;SALFDS
SAH;Salhouse;SALHOUS
SAJ;St Johns;STJOHNS
SAL;Salisbury;SLSBRY
SAM;Saltmarshe;SLTMRSH
SAN;Sandown;SNDOWN
SAR;St Andrews Road;SADWRD
SAS;St Annes-on-the-Sea;STAS
SAT;South Acton;SACTON
SAU;St Austell;STAUSTL
SAV;Stratford-Upon-Avon;SOAV
SAW;Sawbridgeworth;SBDGWTH
SAX;Saxmundham;SXMNDHM
SAY;Swanley;SWLY
SBE;Starbeck;STARBCK
SBF;St Budeaux Ferry Road;STBDXFR
SBJ;Stourbridge Junction;STRBDGJ,STRBDG1
SBK;South Bank;STHBANK
SBM;South Bermondsey;SBRMNDS
SBP;Stonebridge Park;STNBGPK
SBR;Spean Bridge;SPEANBD
SBS;St Bees;STBEES
SBT;Stourbridge Town;STRBDGT
SBU;Southbury;SBURY
SBV;St Budeaux Victoria Road;STBDXVR
SBY;Selby;SELBY
SCA;Scarborough;SCARBRO
SCF;Stechford;STECHFD
SCG;Stone Crossing;STCR
SCH;Scotstounhill;SCTSTNH
SCR;St Columb Road;STCLMBR
SCS;Starcross;STRCROS
SCT;Scotscalder;SCSCLDR
SCU;Scunthorpe;SCNTHRP
SCY;South Croydon;SCROYDN
SDA;Snodland;SNODLND
SDB;Sandbach;SBCH
SDC;Shoreditch High Street;SHRDHST
SDE;Shadwell;SHADWEL
SDF;Saundersfoot;SDRSFOT
SDG;Sandling;SDLG
SDH;Sudbury Hill Harrow;SDBRYHH
SDL;Sandhills;SANDH
SDM;Shieldmuir;SHILDMR
SDN;St Denys;STDENYS
SDP;Sandplace;SDPLACE
SDR;Saunderton;SUNDRTN
SDW;Sandwich;SWCH
SDY;Sandy;SNDY
SEA;Seaham;SEAHAM
SEC;Seaton Carew;SETNCRW
SED;Shelford;SHELFD
SEE;Southease;SESARDM
SEF;Seaford;SEAFORD
SEG;Selling;SELLING
SEH;Shoreham;SHRMKT
SEL;Sellafield;SELAFLD
SEM;Seamer;SEAMER
SEN;Shenstone;SHNS
SER;St Erth;STERTH
SES;South Elmsall;SELMSAL
SET;Settle;SETTLE
SEV;Sevenoaks;SVNOAKS
SFA;Stratford International;STFODOM,STFORDI
SFD;Salford Central;SLFDORD
SFL;Seaforth & Litherland;SFRTHAL
SFN;Shifnal;SHIFNAL
SFO;Stanford-le-Hope;SLEHOPE
SFR;Shalford;SHALFD
SGB;Smethwick Galton Bridge (Low Level);GALTILL,GALTINT
SGL;South Gyle;STHGYLE
SGM;St Germans;STGRMNS
SGN;South Greenford;SGFORD
SGR;Slade Green;SLADEGN
SHB;Shirebrook;SHRBROK
SHC;Streethouse;STHS
SHD;Shildon;SHDN
SHE;Sherborne;SHERBRN
SHF;Sheffield;SHEFFLD
SHH;Shirehampton;SHAMPTN
SHI;Shiplake;SHPLAKE
SHJ;St Helens Junction;STHLNSJ
SHL;Shawlands;SHWLNDS
SHM;Sheringham;SHRGHAM
SHN;Shanklin;SHANKLN
SHO;Sholing;SHOLING
SHP;Shepperton;SHEPRTN
SHR;Shrewsbury;SHRWBY
SHS;Shotts;SHTT
SHT;Shotton;SHOTTON,SHOTTHL
SHU;Stonehouse;STNHSE
SHW;Shawford;SHAWFD
SHY;Shipley;SHPY
SIA;Southend Airport;STHEAIR
SIC;Silecroft;SILCRFT
SID;Sidcup;SIDCUP
SIE;Sherburn in Elmet;SHBN
SIH;St Helier (London);SHLIER
SIL;Sileby;SILEBY
SIN;Singer;SINGER
SIP;Shipton;SPTN
SIT;Sittingbourne;STNGBRN
SIV;St Ives;STIVES
SJP;St James Park;STJAMSP
SJS;St James Street;STJMSST
SKE;Skewen;SKEWEN
SKG;Skegness;SKEGNES
SKI;Skipton;SKPT
SKM;Stoke Mandeville;STKM
SKN;St Keyne;STKEYNE
SKS;Stocksfield;STCKSFL
SKW;Stoke Newington;STKNWNG
SLA;Slateford;SLATEFD
SLB;Saltburn;SBRN
SLD;Salford Crescent;SLFDCT
SLH;Sleights;SLEGHTS
SLK;Silkstone Common;SKSCMN
SLL;Stallingborough;SBROUGH
SLO;Slough;SLOUGH
SLQ;St Leonards Warrior Square;STLNRWS
SLR;Sleaford;SLEFD
SLS;Shettleston;SHTLSTN
SLT;Saltcoats;SLCT
SLV;Silver Street;SIVRST
SLW;Salwick;SALWICK
SLY;Selly Oak;SELYOAK
SMA;Small Heath;SMLHTH
SMB;Smithy Bridge;SMBG
SMC;Sampford Courtenay;SAMPCRT
SMD;Stamford;STAMFD
SMG;St Margarets (Greater London);STMGTS
SMH;Stamford Hill;STMFDHL
SMK;Stowmarket;STWMRKT
SML;Sea Mills;SEMILLS
SMN;Southminster;SMINSTR
SMO;South Merton;SMERTON
SMR;Smethwick Rolfe Street;SMTHKRS
SMT;St Margarets (Hertfordshire);SMARGRT
SMY;St Mary Cray;STMRYC
SNA;Sandal & Agbrigg;SABR
SND;Sandhurst;SNDHRST
SNE;Stone;STONE
SNF;Shenfield;SHENFLD
SNG;Sunningdale;SUNNGDL
SNH;St Helens Central;STHLNSC
SNI;Snaith;SNAITH
SNK;Sankey for Penketh;SANKEY
SNL;Stoneleigh;STLEIGH
SNN;Swinton (Greater Manchester);SWNT
SNO;St Neots;STNEOTS
SNR;Sanderstead;SDSD
SNS;Staines;STAINES
SNT;Stanlow & Thornton;STNLWAT
SNW;Swanwick;SWNWICK
SNY;Sunnymeads;SUNYMDS
SOA;Southampton Airport Parkway;SOTPKWY
SOB;Southbourne;SBOURNE
SOC;Southend Central;STHCENT
SOE;Southend East;STHNDE
SOF;South Woodham Ferrers;WDHAMFR
SOG;Stonegate;SNGT
SOH;South Hampstead;SHMPSTD
SOK;South Kenton;SKENTON
SOL;Solihull;SOLIHUL
SOM;South Milford;SMILFD
SON;Steeton & Silsden;STEETON
SOO;Strood;STROOD
SOP;Southport;SOUTHPT
SOR;Sole Street;SOLEST
SOT;Stoke-On-Trent;STOKEOT
SOU;Southampton Central;SOTON
SOV;Southend Victoria;STHVIC
SOW;Sowerby Bridge;SWRBBDG
SPA;Spalding;SPALDNG
SPB;Shepherds Bush;SHPDSB
SPF;Springfield;SPFD
SPH;Shepherds Well;SWELL
SPI;Spital;SPITAL
SPK;Sutton Parkway;STTNPWY
SPN;Spooner Row;SPONRRW
SPO;Spondon;SPDN
SPP;Shippea Hill;SPHL
SPR;Springburn;SPRNGBN
SPS;Stepps;STEPPS
SPT;Stockport;STKP
SPU;Staplehurst;SPHS
SPX;London St Pancras International;STPANCI
SPY;Shepley;SPLY
SQE;Surrey Quays;SURREYQ
SQH;Sanquhar;SANQHAR
SQU;Squires Gate;SQUIRES
SRA;Stratford;STFD
SRC;Streatham Common;STRHCOM
SRD;Stapleton Road;STPLTNR
SRG;Seer Green and Jordans;SEERGRN
SRH;Streatham Hill;STRHILL
SRI;Spring Road;SPRD
SRL;Shirley;SHIRLEY
SRN;Strines;STRINES
SRO;Shireoaks;SHRKSKS
SRR;Sarn;SARN
SRS;Selhurst;SELHRST
SRT;Shortlands;SHRTLND
SRU;South Ruislip;SRUISLP
SRY;Shoeburyness;SHBRYNS
SSC;Seascale;SEASCAL
SSD;Stansted Airport;STANAIR
SSE;Shoreham-by-Sea;SHRHMBS
SSM;Stocksmoor;STKSMR
SSS;Sheerness-on-Sea;SHRNSOS
SST;Stansted Mountfitchet;STANSTD,STANMFC
STA;Stafford;STAFFRD
STC;Strathcarron;STCN
STD;Stroud;STRUD
STE;Streatham;STRETHM
STF;Stromeferry;STRMFRY
STG;Stirling;STIRLNG
STH;Shepreth;SHPRTH
STJ;Severn Tunnel Junction;SEVTNLJ
STK;Stockton;STOCTON
STL;Southall;STHALL
STM;St Michaels;STMCHLS
STN;Stonehaven;SHVN
STO;South Tottenham;STOTNHM
STP;London St Pancras;STPX,STPADOM,STPANCI,STPXBOX
STR;Stranraer;STRNRR
STS;Saltash;SASH
STT;Stewarton;STEWRTN
STU;Sturry;STURRY
STV;Stevenston;STVNSTN
STW;Strawberry Hill;STRWBYH
SUC;Sutton Common;SUTTONC
SUD;Sudbury & Harrow Road;SDBRYHR
SUG;Sugar Loaf;SGRLOAF
SUM;Summerston;SUMRSTN
SUN;Sunderland;SNDRLND
SUO;Sutton (Surrey);SUTTON
SUP;Sundridge Park;SNDP
SUR;Surbiton;SURBITN
SUT;Sutton Coldfield;SUTCO
SUU;Sunbury;SUNBURY
SUY;Sudbury (Suffolk);SUDBURY
SVB;Severn Beach;SVRNBCH
SVG;Stevenage;STEVNGE
SVK;Seven Kings;SVNKNGS
SVL;Staveley;STAVELY
SVR;Silverdale;SDAL
SVS;Seven Sisters;SEVNSIS
SWA;Swansea;SWANSEA
SWD;Swinderby;SWNDRBY
SWE;Swineshead;SWSHEAD
SWG;Swaythling;SWYTHLN
SWI;Swindon;SDON
SWK;Southwick;STHWICK
SWL;Swale;SWALE
SWM;Swanscombe;SWNSCMB
SWN;Swinton (South Yorks);SWINTN
SWO;Snowdown;SNWDNAN
SWR;Stewartby;STWRTBY
SWS;South Wigston;WGSTS
SWT;Slaithwaite;SLTHWTE
SWY;Sway;SWAY
SXY;Saxilby;SAXILBY
SYA;Styal;STYAL
SYB;Stalybridge;SBYD
SYD;Sydenham;SYDENHM
SYH;Sydenham Hill;SYDNHMH
SYL;Syon Lane;SYONLA
SYS;Syston;SYSTON
SYT;Somerleyton;SMRLYTN
TAB;Tame Bridge Parkway;TAMEBDG
TAC;Tackley;TACKLEY
TAD;Tadworth;TADWTH
TAF;Taffs Well;TAFFSWL
TAI;Tain;TAIN
TAL;Talsarnau;TLSRNAU
TAM;Tamworth (Low Level);TMWTHLL,TMWTHHL
TAP;Taplow;TAPLOW
TAT;Tattenham Corner;TATNHMC
TAU;Taunton;TAUNTON
TAY;Taynuilt;TAYNULT
TBD;Three Bridges;THBDGS
TBW;Tunbridge Wells;TUNWELL
TBY;Thornaby;TABY
TDU;Tondu;TONDU
TEA;Tees-Side Airport;TSDARPR
TED;Teddington;TEDNGTN
TEN;Tenby;TENBY
TEO;Theobalds Grove;THBLDSG
TEY;Teynham;TEYNHAM
TFC;Telford Central;TELFRDC
TGM;Teignmouth;TEINMTH
TGS;Ty Glas;TYGLAS
THA;Thatcham;THATCHM
THB;Thornliebank;THLB
THC;Thurnscoe;TRNO
THD;Thames Ditton;TDITTON
THE;Theale;THEALE
THH;Thatto Heath;THHT
THI;Thirsk;THIRSK
THL;Tile Hill;TILEH
THO;Thornford;THFORD
THS;Thurso;THURSO
THT;Thorntonhall;THAL
THU;Thurgarton;THRGRTN
THW;The Hawthorns;HNDSHWT
TIL;Tilbury Town;TLBYTWN
TIP;Tipton;TIPTON
TIR;Tir-Phil;TIRPHIL
TIS;Tisbury;TISBURY
TLB;Talybont;TALB
TLC;Tal-y-Cafn;TALYCFN
TLH;Tilehurst;TILHRST
TLK;The Lakes;THELAKS
TLS;Thorpe-le-Soken;THPLESK
TMC;Templecombe;TMPCMB
TNA;Thornton Abbey;THABBEY
TNF;Tonfanau;TONFNAU
TNN;Thorne North;THORNEN
TNP;Tonypandy;TNYPNDY
TNS;Thorne South;THORNES
TOD;Todmorden;TODMRDN
TOK;Three Oaks;THOK
TOL;Tolworth;TOLWTH
TOM;Tottenham Hale;TTNHMHL
TON;Tonbridge;TONBDG
TOO;Tooting;TOOTING
TOP;Topsham;TOPSHAM
TOT;Totnes;TOTNES
TPB;Thorpe Bay;THOPBAY
TPC;Thorpe Culvert;TCULVRT
TPN;Ton Pentre;TONPNTR
TQY;Torquay;TORQUAY
TRA;Trafford Park;TRFDPK
TRB;Treherbert;TREHRBT
TRD;Troed-y-Rhiw;TRDYRHW
TRE;Trefforest Estate;TRFRSTE
TRF;Trefforest;TREFRST
TRH;Trehafod;TREHAFD
TRI;Tring;TRING
TRM;Trimley;TRIMLEY
TRN;Troon;TROON
TRO;Trowbridge;TRWBRDG
TRR;Torre;TORRE
TRS;Thurston;THUSTON
TRU;Truro;TRURO
TRY;Treorchy;TREORCY
TTF;Thetford;THETFD
TTH;Thornton Heath;THTH
TTN;Totton;TOTTON
TUH;Tulse Hill;TULSEH
TUL;Tulloch;TULLOCH
TUR;Turkey Street;TURKYST
TUT;Tutbury & Hatton;TUTBURY
TVP;Tiverton Parkway;TIVIPW
TWI;Twickenham;TWCKNHM
TWN;Town Green;TOWNGRN
TWY;Twyford;TWYFORD
TYC;Ty Croes;TYCROES
TYG;Tygwyn;TYGWYN
TYL;Tyndrum Lower;TYNDRML
TYS;Tyseley;TYSL
TYW;Tywyn;TYWYN
UCK;Uckfield;UCKFILD
UDD;Uddingston;UDNGSTN
UHA;Uphall;UPHALL
UHL;Upper Holloway;UPRHLWY
ULC;Ulceby;ULCEBY
ULL;Ulleskelf;ULESKLF
ULV;Ulverston;ULVRSTN
UMB;Umberleigh;UMBRLGH
UNI;University;UNVRSYB
UPH;Upper Halliford;UHALIFD
UPL;Upholland;UPHOLND
UPM;Upminster;UPMNSTR,UPMNSP6
UPT;Upton;UPTON
UPW;Upwey;UPWEY
URM;Urmston;URMSTON
UTT;Uttoxeter;UTOXETR
UTY;Upper Tyndrum;TYNDRMU
UWL;Upper Warlingham;UWRLNGH
VAL;Valley;VALLEY
VIC;London Victoria;VICTRIA,VICTRIC,VICTRIE
VIR;Virginia Water;VRGNWTR
VXH;Vauxhall;VAUXHAL,VAUXHLM,VAUXHLW
WAC;Warrington Central;WRGT
WAD;Wadhurst;WADHRST
WAE;London Waterloo East;WLOE
WAF;Wallyford;WALLYFD
WAL;Walton-on-Thames;WONT
WAM;Walmer;WALMER
WAN;Wanborough;WANBRO
WAO;Walton (Merseyside);WALTONM
WAR;Ware;WARE
WAS;Watton-at-Stone;WATONAS
WAT;London Waterloo;WATRLOO,WATRLMN,WATRLOW
WAV;Wavertree Technology Park;WVRTTEC
WBC;Waterbeach;WATBECH
WBD;Whitley Bridge;WHTBDGE
WBL;Warblington;WRBLNGT
WBO;Wimbledon Chase;WIMLCHS
WBP;West Brompton;WBRMPTN
WBQ;Warrington Bank Quay;WRGTNBQ
WBR;Whaley Bridge;WHALYBG
WBY;West Byfleet;WBYFLET
WCB;Westcombe Park;WCOMBEP
WCF;Westcliff-on-Sea;WCLIFF
WCH;Whitchurch (Hampshire);WHTCHRH
WCK;Wick;WICK
WCL;West Calder;WCALDER
WCM;Wickham Market;WCKHMMR
WCP;Worcester Park;WRCSTRP
WCR;Whitecraigs;WTCR
WCX;Wembley Stadium;WEMBLSM
WCY;West Croydon;WCROYDN
WDB;Woodbridge;WODBDGE
WDD;Widdrington;WDRNGTN
WDE;Wood End;WDND
WDH;Woodhouse;WDHOUSE
WDL;Woodhall;WHHL
WDM;Windermere;WMER
WDN;Walsden;WDEN
WDO;Waddon;WADDON
WDS;Woodlesford;WDLESFD
WDT;West Drayton;WDRYTON
WDU;West Dulwich;WDULWCH
WEA;West Ealing;WEALING
WED;Wedgwood;WEDGWD
WEE;Weeley;WEELEY
WEH;West Ham;WHAM,WHAMHL
WEL;Wellingborough;WLNGBRO
WEM;Wem;WEMM
WES;Westerton;WESTRTN
WET;Weeton;WEETON
WEY;Weymouth;WEYMTH
WFF;Whifflet;WHIFLET
WFH;Watford High Street;WATFDHS
WFI;Westerfield;WSTRFLD
WFJ;Watford Junction;WATFDJ,WATFJDC
WFL;Wainfleet;WAINFLT
WFN;Watford North;WATFDN
WGA;Westgate-on-Sea;WESGTOS
WGC;Welwyn Garden City;WLWYNGC
WGN;Wigan North Western;WIGANNW
WGR;Woodgrange Park;WDGRNPK
WGT;Wigton;WIGTON
WGV;Wargrave;WARGRAV
WGW;Wigan Wallgate;WIGANWL
WHA;Westenhanger;WENHNGR
WHC;Walthamstow Central;WLTWCEN
WHD;West Hampstead;WHMDSTD
WHE;Whalley;WHALLEY
WHG;Westhoughton;WSTHOTN
WHI;Whitstable;WHSTBLE
WHL;White Hart Lane;WHHRTLA
WHM;Whimple;WHIMPLE
WHN;Whiston;WHISTON
WHP;West Hampstead Thameslink;WHMPSTM
WHR;West Horndon;WHORNDN
WHS;Whyteleafe South;WHYTLFS
WHT;Whitchurch (Glamorgan);WHCH
WHY;Whyteleafe;WHYTELF
WIC;Wickford;WIKFORD
WID;Widnes;WIDNES
WIH;Winchmore Hill;WNMHILL
WIJ;Willesden Junction;WLSD,WLSDJHL,WLSDNJL
WIL;Willington;WLNTNON
WIM;Wimbledon;WIMBLDN,WDON
WIN;Winchester;WNCHSTR
WIV;Wivenhoe;WIVENHO
WKB;West Kilbride;WKILBRD
WKD;Walkden;WALKDEN
WKF;Wakefield Westgate;WKFLDWG
WKG;Workington;WKNT
WKI;West Kirby;WKIRBY
WKK;Wakefield Kirkgate;WKFLDKG
WKM;Wokingham;WOKNGHM
WLC;Waltham Cross;WALHAMX
WLD;West St Leonards;WSLE
WLE;Whittlesea;WHTLSEA
WLF;Whittlesford;WTLESFD
WLG;Wallasey Grove Road;WALAGRD
WLI;Welling;WELLING
WLM;Williamwood;WMWD
WLN;Wellington (Shropshire);WELNGTN
WLO;Waterloo (Merseyside);WLOO
WLP;Welshpool;WELSHPL
WLS;Woolston;WOLSTON
WLT;Wallington;WALNGTN
WLV;Wallasey Village;WALASYV
WLW;Welwyn North;WLWYNN
WLY;Woodley;WOODLEY
WMA;West Malling;WMALING
WMB;Wembley Central;WMBY,WMBYDC
WMC;Wilmcote;WILMCOT
WMD;Wymondham;WYMNDHM
WME;Woodmansterne;WDMNSTR
WMG;Welham Green;WELHAMG
WMI;Wildmill;WLDMILL
WML;Wilmslow;WLMSL
WMN;Warminster;WRMNSTR
WMR;Widney Manor;WDNYMNR
WMS;Wemyss Bay;WEMYSSB
WMW;Walthamstow Queens Road;WLTHQRD
WNC;Windsor & Eton Central;WINDSEC
WND;Wendover;WENDOVR
WNE;Wilnecote;WILNECT
WNF;Winchfield;WNCFILD
WNG;Waun-gron Park;WAUNGRN
WNH;Warnham;WARNHAM
WNL;Whinhill;WHINH
WNM;Weston Milton;WMILTON
WNN;Wennington;WENNGTN
WNP;Wanstead Park;WNSTDPK
WNR;Windsor & Eton Riverside;WSORAER
WNS;Winnersh;WINERSH
WNT;Wandsworth Town;WDWTOWN
WNW;West Norwood;WNORWOD
WNY;White Notley;WNOTLEY
WOB;Woburn Sands;WOBURNS
WOF;Worcester Foregate Street;WORCSFS
WOH;Woldingham;WLDNGHM
WOK;Woking;WOKING
WOL;Wolverton;WLVR
WOM;Wombwell;WOMBWEL
WON;Walton-on-the-Naze;WONNAZE
WOO;Wool;WOOL
WOR;Worle;WORLE
WOS;Worcester Shrub Hill;WORCSSH
WPE;Wapping;WAPPING
WPL;Worplesdon;WRPLSDN
WRB;Wrabness;WRABNES
WRE;Wrenbury;WRENBRY
WRH;Worthing;WORTHNG
WRK;Worksop;WORKSOP
WRL;Wetheral;WETHERL
WRM;Wareham;WARHAM
WRN;West Runton;WRUNTON
WRP;Warwick Parkway;WARWPWY
WRS;Wressle;WRESSLE
WRT;Worstead;WORSTED
WRU;West Ruislip;WRUISLP
WRW;Warwick;WARWICK
WRX;Wrexham General;WREXHMG,WREXGUB
WRY;Wraysbury;WRYSBRY
WSA;West Allerton;WALERTN
WSB;Westbury;WSTBRYW
WSE;Winchelsea;WINCHLS
WSF;Winsford;WNSFD
WSH;Wishaw;WISHAW
WSL;Walsall;WALSALL
WSM;Weston-super-Mare;WSMARE
WSR;Woodsmoor;WMOR
WST;Wood Street;WDST
WSU;West Sutton;WSUTTON
WSW;Wandsworth Common;WANDCMN
WTA;Wester Hailes;WHAILES
WTB;Whitby;WTBY
WTC;Whitchurch (Shropshire);WCHR
WTE;Whitlocks End;WHLE
WTG;Watlington;WATLGTN
WTH;Whitehaven;WHITHVN
WTI;Winnersh Triangle;WINETGL
WTL;Whitland;WHLAND
WTM;Witham;WITHAME
WTN;Whitton;WHTTON
WTO;Water Orton;WTRORTN
WTR;Wateringbury;WTRNGBY
WTS;Whatstandwell;WATSTND
WTT;Witton;WITTON
WTY;Witley;WITLEY
WVF;Wivelsfield;WVLSFLD
WVH;Wolverhampton;WVRMPTN
WWA;Woolwich Arsenal;WOLWCHA
WWD;Woolwich Dockyard;WOLWCDY
WWI;West Wickham;WWICKHM
WWL;Whitwell;WHWLL
WWO;West Worthing;WWRTHNG
WWR;Wandsworth Road;WNDSWRD
WWW;Wootton Wawen;WOTONWN
WXC;Wrexham Central;WREXHMC
WYB;Weybridge;WEYBDGE,WEYBDGB
WYE;Wye;WYEE
WYL;Wylde Green;WYGN
WYM;Wylam;WYLAM
WYT;Wythall;WYTH
YAE;Yate;YATE
YAL;Yalding;YALDING
YAT;Yatton;YATTON
YEO;Yeoford;YEOFORD
YET;Yetminster;YTMNSTR
YNW;Ynyswen;YNYSWEN
YOK;Yoker;YOKER
YRD;Yardley Wood;YRDLYWD
YRK;York;YORK
YRM;Yarm;YAAM
YRT;Yorton;YORTON
YSM;Ystrad Mynach;YSTRADM
YSR;Ystrad Rhondda;YTRHOND
YVJ;Yeovil Junction;YOVILJN
YVP;Yeovil Pen Mill;YOVILPM
ZBB;Barbican;BRBCNLT
ZCW;Canada Water;CNDAW
ZFD;Farringdon (London);FRNDNLT,FNTLSR
ZWL;Whitechapel;WCHAPEL
